id,occurrenceID,scientificName,scientificNameID,aphiaID,taxonomicStatus,decimalLatitude,decimalLongitude,eventDate,year,basisOfRecord,occurrenceStatus,coordinateUncertaintyInMeters,marine,dataset_id,datasetName,license,flags,dropped,absence
00e48114-4789-4c21-af65-c88341eed129,744_31,Orcaella brevirostris,urn:lsid:marinespecies.org:taxname:148732,148732,valid,1.732728,110.225573,2008-09-16T10:47,2008,HumanObservation,present,,True,d90281b7-cce9-49a1-b27a-1226a90b6777,"Distribution of small cetaceans in the nearshore waters of Sarawak, East Malaysia",http://creativecommons.org/licenses/by-nc/4.0/,"[""NO_DEPTH""]",False,False
03715c9e-ee66-4e8d-94e4-39d6e1a3e3f3,744_3,Orcaella brevirostris,urn:lsid:marinespecies.org:taxname:148732,148732,valid,4.150332,113.839103,2008-07-09T12:01,2008,HumanObservation,present,,True,d90281b7-cce9-49a1-b27a-1226a90b6777,"Distribution of small cetaceans in the nearshore waters of Sarawak, East Malaysia",http://creativecommons.org/licenses/by-nc/4.0/,"[""NO_DEPTH""]",False,False
058eb604-b1e6-4798-99ba-071dbfeee4bf,744_18,Orcaella brevirostris,urn:lsid:marinespecies.org:taxname:148732,148732,valid,3.64605,113.381942,2008-06-13T10:00,2008,HumanObservation,present,,True,d90281b7-cce9-49a1-b27a-1226a90b6777,"Distribution of small cetaceans in the nearshore waters of Sarawak, East Malaysia",http://creativecommons.org/licenses/by-nc/4.0/,"[""NO_DEPTH""]",False,False
09b168c4-cc33-4cd2-b8b7-399130836516,744_97,Orcaella brevirostris,urn:lsid:marinespecies.org:taxname:148732,148732,valid,1.730444,110.299992,2009-07-22T15:30,2009,HumanObservation,present,,True,d90281b7-cce9-49a1-b27a-1226a90b6777,"Distribution of small cetaceans in the nearshore waters of Sarawak, East Malaysia",http://creativecommons.org/licenses/by-nc/4.0/,"[""NO_DEPTH""]",False,False
0b9cf2cf-7c20-4982-b0cf-5678be1e5cbd,https://www.inaturalist.org/observations/269547312,Orcaella brevirostris,urn:lsid:marinespecies.org:taxname:148732,148732,,1.7317245009,110.3282455523,2024-07-28T10:19:00+08:00,,HumanObservation,urn:lsid:marinespecies.org:taxname:148732,31444.0,True,eaea291a-1e1d-4382-b86f-ac3cc15b8d5a,iNaturalist research-grade observations,https://creativecommons.org/licenses/by-nc/4.0/,"[""NO_DEPTH"",""ON_LAND""]",False,False
0c72060b-a274-4b0f-808a-9b4a4da2e813,https://www.inaturalist.org/observations/255465206,Orcaella brevirostris,urn:lsid:marinespecies.org:taxname:148732,148732,,1.7327786176,110.2421089979,2024-12-18T11:38:21+08:00,,HumanObservation,urn:lsid:marinespecies.org:taxname:148732,31444.0,True,eaea291a-1e1d-4382-b86f-ac3cc15b8d5a,iNaturalist research-grade observations,https://creativecommons.org/licenses/by-nc/4.0/,"[""NO_DEPTH""]",False,False
10dc3d86-ea2f-44e6-8818-58892f0214d9,https://www.inaturalist.org/observations/318595163,Orcaella brevirostris,urn:lsid:marinespecies.org:taxname:148732,148732,,1.6996081095,110.2861505451,2025-09-27T09:30:00+08:00,,HumanObservation,urn:lsid:marinespecies.org:taxname:148732,31444.0,True,eaea291a-1e1d-4382-b86f-ac3cc15b8d5a,iNaturalist research-grade observations,https://creativecommons.org/licenses/by/4.0/,"[""NO_DEPTH"",""ON_LAND""]",False,False
136d8879-4fe0-4e56-9754-32d5fc2c78dc,https://www.inaturalist.org/observations/254184815,Orcaella brevirostris,urn:lsid:marinespecies.org:taxname:148732,148732,,1.7964046038,110.3938970341,2024-08-15T10:05:00+08:00,,HumanObservation,urn:lsid:marinespecies.org:taxname:148732,31444.0,True,eaea291a-1e1d-4382-b86f-ac3cc15b8d5a,iNaturalist research-grade observations,https://creativecommons.org/licenses/by-nc/4.0/,"[""NO_DEPTH""]",False,False
1598dfbd-670e-4633-9927-fd832ff0d164,744_67,Orcaella brevirostris,urn:lsid:marinespecies.org:taxname:148732,148732,valid,1.746761,110.185371,2009-03-06T12:31,2009,HumanObservation,present,,True,d90281b7-cce9-49a1-b27a-1226a90b6777,"Distribution of small cetaceans in the nearshore waters of Sarawak, East Malaysia",http://creativecommons.org/licenses/by-nc/4.0/,"[""NO_DEPTH""]",False,False
1d7d018f-44f4-4cca-9167-8b4873b2be87,https://www.inaturalist.org/observations/269545653,Orcaella brevirostris,urn:lsid:marinespecies.org:taxname:148732,148732,,1.6276379473,110.2775883577,2024-07-28T10:08:00+08:00,,HumanObservation,urn:lsid:marinespecies.org:taxname:148732,31444.0,True,eaea291a-1e1d-4382-b86f-ac3cc15b8d5a,iNaturalist research-grade observations,https://creativecommons.org/licenses/by-nc/4.0/,"[""NO_DEPTH"",""ON_LAND""]",False,False
2029178e-7bd1-47e4-8218-b58ec1e1f821,https://www.inaturalist.org/observations/269547307,Orcaella brevirostris,urn:lsid:marinespecies.org:taxname:148732,148732,,1.6452951683,110.3963489453,2024-07-28T10:18:00+08:00,,HumanObservation,urn:lsid:marinespecies.org:taxname:148732,31444.0,True,eaea291a-1e1d-4382-b86f-ac3cc15b8d5a,iNaturalist research-grade observations,https://creativecommons.org/licenses/by-nc/4.0/,"[""NO_DEPTH"",""ON_LAND""]",False,False
21219a4c-1b79-4067-ae08-2d5937d373d3,https://www.inaturalist.org/observations/255165438,Orcaella brevirostris,urn:lsid:marinespecies.org:taxname:148732,148732,,1.726588334,110.2801850882,2024-07-11T09:15:00+08:00,,HumanObservation,urn:lsid:marinespecies.org:taxname:148732,31444.0,True,eaea291a-1e1d-4382-b86f-ac3cc15b8d5a,iNaturalist research-grade observations,https://creativecommons.org/licenses/by-nc/4.0/,"[""NO_DEPTH""]",False,False
21ec0170-8a88-4cd0-87aa-5adc411d5485,https://www.inaturalist.org/observations/244147410,Orcaella brevirostris,urn:lsid:marinespecies.org:taxname:148732,148732,,1.673857589,110.3287608671,2023-07-09T17:35:00+08:00,,HumanObservation,urn:lsid:marinespecies.org:taxname:148732,31444.0,True,eaea291a-1e1d-4382-b86f-ac3cc15b8d5a,iNaturalist research-grade observations,https://creativecommons.org/licenses/by/4.0/,"[""NO_DEPTH"",""ON_LAND""]",False,False
220b5e04-32e9-406e-b131-f2fbe20f3b3e,https://www.inaturalist.org/observations/203716082,Orcaella brevirostris,urn:lsid:marinespecies.org:taxname:148732,148732,,1.65487063,110.3003572655,2024-02-14T09:44:00+08:00,,HumanObservation,urn:lsid:marinespecies.org:taxname:148732,31444.0,True,eaea291a-1e1d-4382-b86f-ac3cc15b8d5a,iNaturalist research-grade observations,https://creativecommons.org/licenses/by/4.0/,"[""NO_DEPTH"",""ON_LAND""]",False,False
22b9e8fe-e0d1-4eb2-8ad7-ad557f9fc36e,744_104,Orcaella brevirostris,urn:lsid:marinespecies.org:taxname:148732,148732,valid,1.737011,110.451147,2009-09-08T09:26,2009,HumanObservation,present,,True,d90281b7-cce9-49a1-b27a-1226a90b6777,"Distribution of small cetaceans in the nearshore waters of Sarawak, East Malaysia",http://creativecommons.org/licenses/by-nc/4.0/,"[""NO_DEPTH""]",False,False
22e0f9dc-08f6-4951-b9d2-335cc770bffc,https://www.inaturalist.org/observations/232834857,Orcaella brevirostris,urn:lsid:marinespecies.org:taxname:148732,148732,,1.7188464392,110.276665571,2024-07-15T11:01:00+08:00,,HumanObservation,urn:lsid:marinespecies.org:taxname:148732,31444.0,True,eaea291a-1e1d-4382-b86f-ac3cc15b8d5a,iNaturalist research-grade observations,https://creativecommons.org/licenses/by-nc/4.0/,"[""NO_DEPTH""]",False,False
23625800-c098-44c0-b029-6cdb9de2d82d,744_51,Orcaella brevirostris,urn:lsid:marinespecies.org:taxname:148732,148732,valid,1.72103,110.29979,2008-12-11T10:06,2008,HumanObservation,present,,True,d90281b7-cce9-49a1-b27a-1226a90b6777,"Distribution of small cetaceans in the nearshore waters of Sarawak, East Malaysia",http://creativecommons.org/licenses/by-nc/4.0/,"[""NO_DEPTH""]",False,False
236e35c9-34f7-4e1b-ac76-f51adcfe4eb2,744_103,Orcaella brevirostris,urn:lsid:marinespecies.org:taxname:148732,148732,valid,1.721175,110.242637,2009-09-07T10:56,2009,HumanObservation,present,,True,d90281b7-cce9-49a1-b27a-1226a90b6777,"Distribution of small cetaceans in the nearshore waters of Sarawak, East Malaysia",http://creativecommons.org/licenses/by-nc/4.0/,"[""NO_DEPTH""]",False,False
2423634d-e10f-4645-8f02-49affda83b23,744_17,Orcaella brevirostris,urn:lsid:marinespecies.org:taxname:148732,148732,valid,3.386385,113.160397,2008-06-13T15:41,2008,HumanObservation,present,,True,d90281b7-cce9-49a1-b27a-1226a90b6777,"Distribution of small cetaceans in the nearshore waters of Sarawak, East Malaysia",http://creativecommons.org/licenses/by-nc/4.0/,"[""NO_DEPTH""]",False,False
25fa98b0-5c10-404c-90e6-3ce96684e25e,https://www.inaturalist.org/observations/269547318,Orcaella brevirostris,urn:lsid:marinespecies.org:taxname:148732,148732,,1.6304875046,110.3192649942,2024-07-28T10:19:00+08:00,,HumanObservation,urn:lsid:marinespecies.org:taxname:148732,31444.0,True,eaea291a-1e1d-4382-b86f-ac3cc15b8d5a,iNaturalist research-grade observations,https://creativecommons.org/licenses/by-nc/4.0/,"[""NO_DEPTH"",""ON_LAND""]",False,False
267e6eb4-79f7-49de-81df-5b74ed142db9,744_26,Orcaella brevirostris,urn:lsid:marinespecies.org:taxname:148732,148732,valid,1.706732,110.341304,2008-07-17T13:44,2008,HumanObservation,present,,True,d90281b7-cce9-49a1-b27a-1226a90b6777,"Distribution of small cetaceans in the nearshore waters of Sarawak, East Malaysia",http://creativecommons.org/licenses/by-nc/4.0/,"[""NO_DEPTH"",""ON_LAND""]",False,False
27ba33b8-1a43-44ff-9e3a-ada42effd17b,https://www.inaturalist.org/observations/218312391,Orcaella brevirostris,urn:lsid:marinespecies.org:taxname:148732,148732,,1.7767223677,110.283763176,2024-05-13T09:52:00+08:00,,HumanObservation,urn:lsid:marinespecies.org:taxname:148732,31444.0,True,eaea291a-1e1d-4382-b86f-ac3cc15b8d5a,iNaturalist research-grade observations,https://creativecommons.org/licenses/by-nc/4.0/,"[""NO_DEPTH""]",False,False
28665e47-0285-472c-a4c6-a8cc82ba89e7,https://www.inaturalist.org/observations/269545647,Orcaella brevirostris,urn:lsid:marinespecies.org:taxname:148732,148732,,1.7201156111,110.3397204915,2024-07-28T10:04:00+08:00,,HumanObservation,urn:lsid:marinespecies.org:taxname:148732,31444.0,True,eaea291a-1e1d-4382-b86f-ac3cc15b8d5a,iNaturalist research-grade observations,https://creativecommons.org/licenses/by-nc/4.0/,"[""NO_DEPTH"",""ON_LAND""]",False,False
292a2668-197a-43f7-b4b1-bf1886b6bd03,744_99,Orcaella brevirostris,urn:lsid:marinespecies.org:taxname:148732,148732,valid,1.713164,110.321874,2009-08-19T07:56,2009,HumanObservation,present,,True,d90281b7-cce9-49a1-b27a-1226a90b6777,"Distribution of small cetaceans in the nearshore waters of Sarawak, East Malaysia",http://creativecommons.org/licenses/by-nc/4.0/,"[""NO_DEPTH"",""ON_LAND""]",False,False
2c0d6c54-d915-444b-a40c-83abdc870cce,744_71,Orcaella brevirostris,urn:lsid:marinespecies.org:taxname:148732,148732,valid,3.440357,113.218027,2009-03-26T07:43,2009,HumanObservation,present,,True,d90281b7-cce9-49a1-b27a-1226a90b6777,"Distribution of small cetaceans in the nearshore waters of Sarawak, East Malaysia",http://creativecommons.org/licenses/by-nc/4.0/,"[""NO_DEPTH""]",False,False
2d99987c-917d-44bf-884c-01aa55c11414,744_34,Orcaella brevirostris,urn:lsid:marinespecies.org:taxname:148732,148732,valid,1.736542,110.257748,2008-09-18T13:20,2008,HumanObservation,present,,True,d90281b7-cce9-49a1-b27a-1226a90b6777,"Distribution of small cetaceans in the nearshore waters of Sarawak, East Malaysia",http://creativecommons.org/licenses/by-nc/4.0/,"[""NO_DEPTH""]",False,False
2f90e3ab-924b-4862-90dc-5bffb303e102,https://www.inaturalist.org/observations/303450740,Orcaella brevirostris,urn:lsid:marinespecies.org:taxname:148732,148732,,1.7553516984,110.312182916,2025-07-20T03:53:00+08:00,,HumanObservation,urn:lsid:marinespecies.org:taxname:148732,31444.0,True,eaea291a-1e1d-4382-b86f-ac3cc15b8d5a,iNaturalist research-grade observations,https://creativecommons.org/licenses/by-nc/4.0/,"[""NO_DEPTH""]",False,False
2feb4571-b2f4-458f-a7ed-b59c9740769f,https://www.inaturalist.org/observations/69178893,Orcaella brevirostris,urn:lsid:marinespecies.org:taxname:148732,148732,,1.6367477001,110.2235258223,2006-05-06T10:49:00+08:00,,HumanObservation,urn:lsid:marinespecies.org:taxname:148732,31444.0,True,eaea291a-1e1d-4382-b86f-ac3cc15b8d5a,iNaturalist research-grade observations,https://creativecommons.org/licenses/by-nc/4.0/,"[""NO_DEPTH"",""ON_LAND""]",False,False
310ef4d4-d910-4839-9e05-15ba716d2401,744_20,Orcaella brevirostris,urn:lsid:marinespecies.org:taxname:148732,148732,valid,1.698734,110.29289,2008-07-15T07:45,2008,HumanObservation,present,,True,d90281b7-cce9-49a1-b27a-1226a90b6777,"Distribution of small cetaceans in the nearshore waters of Sarawak, East Malaysia",http://creativecommons.org/licenses/by-nc/4.0/,"[""NO_DEPTH""]",False,False
37f7558c-5f8e-44e7-8c65-e33c765acc9c,https://www.inaturalist.org/observations/269545650,Orcaella brevirostris,urn:lsid:marinespecies.org:taxname:148732,148732,,1.6845807718,110.3446862168,2024-07-28T10:04:00+08:00,,HumanObservation,urn:lsid:marinespecies.org:taxname:148732,31444.0,True,eaea291a-1e1d-4382-b86f-ac3cc15b8d5a,iNaturalist research-grade observations,https://creativecommons.org/licenses/by-nc/4.0/,"[""NO_DEPTH"",""ON_LAND""]",False,False
3c473757-ba45-4531-b3a8-1aefb57f9577,https://www.inaturalist.org/observations/269547339,Orcaella brevirostris,urn:lsid:marinespecies.org:taxname:148732,148732,,1.7246796356,110.3473154737,2024-07-28T11:18:00+08:00,,HumanObservation,urn:lsid:marinespecies.org:taxname:148732,31444.0,True,eaea291a-1e1d-4382-b86f-ac3cc15b8d5a,iNaturalist research-grade observations,https://creativecommons.org/licenses/by-nc/4.0/,"[""NO_DEPTH"",""ON_LAND""]",False,False
3decaa17-4bbb-43c9-a4ed-6187a6d74293,744_91,Orcaella brevirostris,urn:lsid:marinespecies.org:taxname:148732,148732,valid,3.579355,113.314613,2009-07-10T11:49,2009,HumanObservation,present,,True,d90281b7-cce9-49a1-b27a-1226a90b6777,"Distribution of small cetaceans in the nearshore waters of Sarawak, East Malaysia",http://creativecommons.org/licenses/by-nc/4.0/,"[""NO_DEPTH""]",False,False
43a37312-0775-467f-9506-2dff382f4134,744_22,Orcaella brevirostris,urn:lsid:marinespecies.org:taxname:148732,148732,valid,1.713824,110.323693,2008-07-16T07:41,2008,HumanObservation,present,,True,d90281b7-cce9-49a1-b27a-1226a90b6777,"Distribution of small cetaceans in the nearshore waters of Sarawak, East Malaysia",http://creativecommons.org/licenses/by-nc/4.0/,"[""NO_DEPTH"",""ON_LAND""]",False,False
44f583a1-1509-40d9-b124-4eb57a756795,https://www.inaturalist.org/observations/270079256,Orcaella brevirostris,urn:lsid:marinespecies.org:taxname:148732,148732,,5.9918949291,117.7723228688,2018-08-24T08:05:00+08:00,,HumanObservation,urn:lsid:marinespecies.org:taxname:148732,31368.0,True,eaea291a-1e1d-4382-b86f-ac3cc15b8d5a,iNaturalist research-grade observations,https://creativecommons.org/licenses/by-nc/4.0/,"[""NO_DEPTH""]",False,False
454e9e55-b669-4225-93aa-f138f26713cc,744_35,Orcaella brevirostris,urn:lsid:marinespecies.org:taxname:148732,148732,valid,3.327334,113.128506,2008-09-24T11:58,2008,HumanObservation,present,,True,d90281b7-cce9-49a1-b27a-1226a90b6777,"Distribution of small cetaceans in the nearshore waters of Sarawak, East Malaysia",http://creativecommons.org/licenses/by-nc/4.0/,"[""NO_DEPTH""]",False,False
459df3cd-fa21-46a9-9b0d-ed2225edaf1a,744_57,Orcaella brevirostris,urn:lsid:marinespecies.org:taxname:148732,148732,valid,3.590351,113.332074,2009-02-19T07:38,2009,HumanObservation,present,,True,d90281b7-cce9-49a1-b27a-1226a90b6777,"Distribution of small cetaceans in the nearshore waters of Sarawak, East Malaysia",http://creativecommons.org/licenses/by-nc/4.0/,"[""NO_DEPTH""]",False,False
47d4f8b7-a998-4138-b05e-f31785fcc7f0,744_49,Orcaella brevirostris,urn:lsid:marinespecies.org:taxname:148732,148732,valid,1.698819,110.291506,2008-11-08T09:46,2008,HumanObservation,present,,True,d90281b7-cce9-49a1-b27a-1226a90b6777,"Distribution of small cetaceans in the nearshore waters of Sarawak, East Malaysia",http://creativecommons.org/licenses/by-nc/4.0/,"[""NO_DEPTH""]",False,False
492625f0-ed4d-49bc-87ee-c7a439e67592,744_52,Orcaella brevirostris,urn:lsid:marinespecies.org:taxname:148732,148732,valid,1.70292,110.29372,2008-12-11T10:35,2008,HumanObservation,present,,True,d90281b7-cce9-49a1-b27a-1226a90b6777,"Distribution of small cetaceans in the nearshore waters of Sarawak, East Malaysia",http://creativecommons.org/licenses/by-nc/4.0/,"[""NO_DEPTH""]",False,False
4b61fd5f-15aa-4754-a4e1-b453e3856a91,744_50,Orcaella brevirostris,urn:lsid:marinespecies.org:taxname:148732,148732,valid,1.734863,110.297648,2008-11-13T10:43,2008,HumanObservation,present,,True,d90281b7-cce9-49a1-b27a-1226a90b6777,"Distribution of small cetaceans in the nearshore waters of Sarawak, East Malaysia",http://creativecommons.org/licenses/by-nc/4.0/,"[""NO_DEPTH""]",False,False
4be7b1ca-20b4-4292-8cf7-cee59cd5bfc7,744_7,Orcaella brevirostris,urn:lsid:marinespecies.org:taxname:148732,148732,valid,3.44618,113.22785,2008-06-11T11:02,2008,HumanObservation,present,,True,d90281b7-cce9-49a1-b27a-1226a90b6777,"Distribution of small cetaceans in the nearshore waters of Sarawak, East Malaysia",http://creativecommons.org/licenses/by-nc/4.0/,"[""NO_DEPTH""]",False,False
4d000802-08b9-408f-be14-5c292f9a8988,https://www.inaturalist.org/observations/234326461,Orcaella brevirostris,urn:lsid:marinespecies.org:taxname:148732,148732,,1.7782117548,110.2843333501,2024-08-07T11:48:00+08:00,,HumanObservation,urn:lsid:marinespecies.org:taxname:148732,31444.0,True,eaea291a-1e1d-4382-b86f-ac3cc15b8d5a,iNaturalist research-grade observations,https://creativecommons.org/licenses/by/4.0/,"[""NO_DEPTH""]",False,False
4fdf7f0f-d9c3-4ef9-9a14-9ea705a0b1d1,https://www.inaturalist.org/observations/237284415,Orcaella brevirostris,urn:lsid:marinespecies.org:taxname:148732,148732,,1.6869729408,110.3327669613,2024-08-11T09:17:00+08:00,,HumanObservation,urn:lsid:marinespecies.org:taxname:148732,31444.0,True,eaea291a-1e1d-4382-b86f-ac3cc15b8d5a,iNaturalist research-grade observations,https://creativecommons.org/licenses/by-nc/4.0/,"[""NO_DEPTH"",""ON_LAND""]",False,False
51ce79fd-e04e-4542-8878-e62cd0970836,https://www.inaturalist.org/observations/269547323,Orcaella brevirostris,urn:lsid:marinespecies.org:taxname:148732,148732,,1.6322987043,110.229603016,2024-07-28T10:21:00+08:00,,HumanObservation,urn:lsid:marinespecies.org:taxname:148732,31444.0,True,eaea291a-1e1d-4382-b86f-ac3cc15b8d5a,iNaturalist research-grade observations,https://creativecommons.org/licenses/by-nc/4.0/,"[""NO_DEPTH"",""ON_LAND""]",False,False
54663e70-eaf5-4476-902a-1888947fbf2d,744_111,Orcaella brevirostris,urn:lsid:marinespecies.org:taxname:148732,148732,valid,4.3076,113.781816,2009-09-15T13:52,2009,HumanObservation,present,,True,d90281b7-cce9-49a1-b27a-1226a90b6777,"Distribution of small cetaceans in the nearshore waters of Sarawak, East Malaysia",http://creativecommons.org/licenses/by-nc/4.0/,"[""NO_DEPTH""]",False,False
58b7bc8c-f9ac-46cb-b01e-eff1e97c3a4a,744_69,Orcaella brevirostris,urn:lsid:marinespecies.org:taxname:148732,148732,valid,3.348137,113.150151,2009-03-25T15:10,2009,HumanObservation,present,,True,d90281b7-cce9-49a1-b27a-1226a90b6777,"Distribution of small cetaceans in the nearshore waters of Sarawak, East Malaysia",http://creativecommons.org/licenses/by-nc/4.0/,"[""NO_DEPTH""]",False,False
5a4c8811-ad03-4f44-b6ec-e0d080b9daed,https://www.inaturalist.org/observations/216254536,Orcaella brevirostris,urn:lsid:marinespecies.org:taxname:148732,148732,,1.6956700974,110.3483630265,2024-05-13T09:35:00+08:00,,HumanObservation,urn:lsid:marinespecies.org:taxname:148732,31444.0,True,eaea291a-1e1d-4382-b86f-ac3cc15b8d5a,iNaturalist research-grade observations,https://creativecommons.org/licenses/by-nc/4.0/,"[""NO_DEPTH"",""ON_LAND""]",False,False
5a761671-bb1b-43a5-8f2b-fbb18f7e91a2,744_102,Orcaella brevirostris,urn:lsid:marinespecies.org:taxname:148732,148732,valid,1.689025,110.294316,2009-09-07T08:05,2009,HumanObservation,present,,True,d90281b7-cce9-49a1-b27a-1226a90b6777,"Distribution of small cetaceans in the nearshore waters of Sarawak, East Malaysia",http://creativecommons.org/licenses/by-nc/4.0/,"[""NO_DEPTH""]",False,False
5a9d162d-b12e-43d4-87f6-0a1de68d2140,https://www.inaturalist.org/observations/318595174,Orcaella brevirostris,urn:lsid:marinespecies.org:taxname:148732,148732,,1.7199557009,110.3894165166,2025-09-27T09:31:00+08:00,,HumanObservation,urn:lsid:marinespecies.org:taxname:148732,31444.0,True,eaea291a-1e1d-4382-b86f-ac3cc15b8d5a,iNaturalist research-grade observations,https://creativecommons.org/licenses/by/4.0/,"[""NO_DEPTH""]",False,False
5ca7efe9-a529-44b7-9854-0a29c0b7828b,https://www.inaturalist.org/observations/269545651,Orcaella brevirostris,urn:lsid:marinespecies.org:taxname:148732,148732,,1.6735645021,110.3758455665,2024-07-28T10:07:00+08:00,,HumanObservation,urn:lsid:marinespecies.org:taxname:148732,31444.0,True,eaea291a-1e1d-4382-b86f-ac3cc15b8d5a,iNaturalist research-grade observations,https://creativecommons.org/licenses/by-nc/4.0/,"[""NO_DEPTH"",""ON_LAND""]",False,False
5ce1f6be-0e7e-4d06-b8bc-61ecbcb82ff0,https://www.inaturalist.org/observations/218312394,Orcaella brevirostris,urn:lsid:marinespecies.org:taxname:148732,148732,,1.6339619503,110.378408217,2024-05-13T09:53:00+08:00,,HumanObservation,urn:lsid:marinespecies.org:taxname:148732,31444.0,True,eaea291a-1e1d-4382-b86f-ac3cc15b8d5a,iNaturalist research-grade observations,https://creativecommons.org/licenses/by-nc/4.0/,"[""NO_DEPTH"",""ON_LAND""]",False,False
5d2059f1-1436-48e2-8346-1e99042d5f3c,https://www.inaturalist.org/observations/218312392,Orcaella brevirostris,urn:lsid:marinespecies.org:taxname:148732,148732,,1.7801094336,110.3595941222,2024-05-13T09:49:00+08:00,,HumanObservation,urn:lsid:marinespecies.org:taxname:148732,31444.0,True,eaea291a-1e1d-4382-b86f-ac3cc15b8d5a,iNaturalist research-grade observations,https://creativecommons.org/licenses/by-nc/4.0/,"[""NO_DEPTH""]",False,False
6115850d-1838-4bdd-b297-3fb2a1f505f5,744_11,Orcaella brevirostris,urn:lsid:marinespecies.org:taxname:148732,148732,valid,3.327752,113.127009,2008-06-12T12:20,2008,HumanObservation,present,,True,d90281b7-cce9-49a1-b27a-1226a90b6777,"Distribution of small cetaceans in the nearshore waters of Sarawak, East Malaysia",http://creativecommons.org/licenses/by-nc/4.0/,"[""NO_DEPTH""]",False,False
61f0c3c5-f7ad-4a07-8348-2a2794d751c8,744_61,Orcaella brevirostris,urn:lsid:marinespecies.org:taxname:148732,148732,valid,3.533542,113.288826,2009-02-20T12:02,2009,HumanObservation,present,,True,d90281b7-cce9-49a1-b27a-1226a90b6777,"Distribution of small cetaceans in the nearshore waters of Sarawak, East Malaysia",http://creativecommons.org/licenses/by-nc/4.0/,"[""NO_DEPTH""]",False,False
620a6ee0-c1fb-4935-a205-bccebb78b8a1,744_94,Orcaella brevirostris,urn:lsid:marinespecies.org:taxname:148732,148732,valid,1.71402,110.210811,2009-07-21T10:38,2009,HumanObservation,present,,True,d90281b7-cce9-49a1-b27a-1226a90b6777,"Distribution of small cetaceans in the nearshore waters of Sarawak, East Malaysia",http://creativecommons.org/licenses/by-nc/4.0/,"[""NO_DEPTH""]",False,False
673db765-461d-4f05-aff8-ceeeb505d8c7,744_70,Orcaella brevirostris,urn:lsid:marinespecies.org:taxname:148732,148732,valid,3.34702,113.1534,2009-03-26T06:45,2009,HumanObservation,present,,True,d90281b7-cce9-49a1-b27a-1226a90b6777,"Distribution of small cetaceans in the nearshore waters of Sarawak, East Malaysia",http://creativecommons.org/licenses/by-nc/4.0/,"[""NO_DEPTH"",""ON_LAND""]",False,False
682e520e-6dee-4c75-b80a-3a6a464cb93f,https://www.inaturalist.org/observations/318595158,Orcaella brevirostris,urn:lsid:marinespecies.org:taxname:148732,148732,,1.6160136563,110.359736683,2025-09-27T09:29:00+08:00,,HumanObservation,urn:lsid:marinespecies.org:taxname:148732,31444.0,True,eaea291a-1e1d-4382-b86f-ac3cc15b8d5a,iNaturalist research-grade observations,https://creativecommons.org/licenses/by/4.0/,"[""NO_DEPTH"",""ON_LAND""]",False,False
687910df-41d8-463b-be5c-dcad562be7a0,744_82,Orcaella brevirostris,urn:lsid:marinespecies.org:taxname:148732,148732,valid,1.57334,110.746033,2009-05-21T13:52,2009,HumanObservation,present,,True,d90281b7-cce9-49a1-b27a-1226a90b6777,"Distribution of small cetaceans in the nearshore waters of Sarawak, East Malaysia",http://creativecommons.org/licenses/by-nc/4.0/,"[""NO_DEPTH""]",False,False
69022b89-4e22-4efc-9cba-313a3b38010d,744_74,Orcaella brevirostris,urn:lsid:marinespecies.org:taxname:148732,148732,valid,3.365839,113.160574,2009-03-27T07:28,2009,HumanObservation,present,,True,d90281b7-cce9-49a1-b27a-1226a90b6777,"Distribution of small cetaceans in the nearshore waters of Sarawak, East Malaysia",http://creativecommons.org/licenses/by-nc/4.0/,"[""NO_DEPTH""]",False,False
69ecd616-8876-43e5-ac27-82eb2a797c53,744_43,Orcaella brevirostris,urn:lsid:marinespecies.org:taxname:148732,148732,valid,1.730808,110.389401,2008-10-15T11:39,2008,HumanObservation,present,,True,d90281b7-cce9-49a1-b27a-1226a90b6777,"Distribution of small cetaceans in the nearshore waters of Sarawak, East Malaysia",http://creativecommons.org/licenses/by-nc/4.0/,"[""NO_DEPTH""]",False,False
6b302fe5-d22c-40be-aa3d-d9ead8164726,744_55,Orcaella brevirostris,urn:lsid:marinespecies.org:taxname:148732,148732,valid,3.56472,113.308122,2009-02-18T08:19,2009,HumanObservation,present,,True,d90281b7-cce9-49a1-b27a-1226a90b6777,"Distribution of small cetaceans in the nearshore waters of Sarawak, East Malaysia",http://creativecommons.org/licenses/by-nc/4.0/,"[""NO_DEPTH""]",False,False
6d37d4a0-d5a5-4342-bcfc-be9e67d4f19b,https://www.inaturalist.org/observations/269547344,Orcaella brevirostris,urn:lsid:marinespecies.org:taxname:148732,148732,,1.6671337584,110.389799852,2024-07-28T11:19:00+08:00,,HumanObservation,urn:lsid:marinespecies.org:taxname:148732,31444.0,True,eaea291a-1e1d-4382-b86f-ac3cc15b8d5a,iNaturalist research-grade observations,https://creativecommons.org/licenses/by-nc/4.0/,"[""NO_DEPTH"",""ON_LAND""]",False,False
70981487-c57a-41eb-91ce-b7e48788946d,744_92,Orcaella brevirostris,urn:lsid:marinespecies.org:taxname:148732,148732,valid,3.51303,113.292889,2009-07-10T13:43,2009,HumanObservation,present,,True,d90281b7-cce9-49a1-b27a-1226a90b6777,"Distribution of small cetaceans in the nearshore waters of Sarawak, East Malaysia",http://creativecommons.org/licenses/by-nc/4.0/,"[""NO_DEPTH""]",False,False
7197eddb-5b6f-4bc8-81ae-9b6817f606af,744_23,Orcaella brevirostris,urn:lsid:marinespecies.org:taxname:148732,148732,valid,1.712247,110.29804,2008-07-16T08:05,2008,HumanObservation,present,,True,d90281b7-cce9-49a1-b27a-1226a90b6777,"Distribution of small cetaceans in the nearshore waters of Sarawak, East Malaysia",http://creativecommons.org/licenses/by-nc/4.0/,"[""NO_DEPTH""]",False,False
74d451bf-3597-4dd4-9b1e-e4d3691bf4e6,https://www.inaturalist.org/observations/235278231,Orcaella brevirostris,urn:lsid:marinespecies.org:taxname:148732,148732,,1.724113079,110.3248113534,2024-08-12T13:10:50+08:00,,HumanObservation,urn:lsid:marinespecies.org:taxname:148732,31444.0,True,eaea291a-1e1d-4382-b86f-ac3cc15b8d5a,iNaturalist research-grade observations,https://creativecommons.org/licenses/by-nc/4.0/,"[""NO_DEPTH"",""ON_LAND""]",False,False
774a0410-2726-4f54-b3d8-6db23d1775cc,https://www.inaturalist.org/observations/334086885,Orcaella brevirostris,urn:lsid:marinespecies.org:taxname:148732,148732,,1.6264196211,110.364529109,2024-07-04T10:29:00+08:00,,HumanObservation,urn:lsid:marinespecies.org:taxname:148732,31444.0,True,eaea291a-1e1d-4382-b86f-ac3cc15b8d5a,iNaturalist research-grade observations,https://creativecommons.org/licenses/by-nc/4.0/,"[""NO_DEPTH"",""ON_LAND""]",False,False
77b905e2-86e0-4261-9e7c-7db8fef0ff37,744_33,Orcaella brevirostris,urn:lsid:marinespecies.org:taxname:148732,148732,valid,1.756031,110.208905,2008-09-18T10:41,2008,HumanObservation,present,,True,d90281b7-cce9-49a1-b27a-1226a90b6777,"Distribution of small cetaceans in the nearshore waters of Sarawak, East Malaysia",http://creativecommons.org/licenses/by-nc/4.0/,"[""NO_DEPTH""]",False,False
79e1ad57-bfe0-48c9-9a46-ea5285705584,https://www.inaturalist.org/observations/269545656,Orcaella brevirostris,urn:lsid:marinespecies.org:taxname:148732,148732,,1.759234324,110.3350005963,2024-07-28T10:14:00+08:00,,HumanObservation,urn:lsid:marinespecies.org:taxname:148732,31444.0,True,eaea291a-1e1d-4382-b86f-ac3cc15b8d5a,iNaturalist research-grade observations,https://creativecommons.org/licenses/by-nc/4.0/,"[""NO_DEPTH"",""ON_LAND""]",False,False
7d73ba30-6b31-4c98-991b-fbb2c2f3880b,https://www.inaturalist.org/observations/382320973,Orcaella brevirostris,urn:lsid:marinespecies.org:taxname:148732,148732,,1.7731058869,110.3233895352,2026-07-06T10:50:00+08:00,,HumanObservation,urn:lsid:marinespecies.org:taxname:148732,31444.0,True,eaea291a-1e1d-4382-b86f-ac3cc15b8d5a,iNaturalist research-grade observations,https://creativecommons.org/licenses/by-nc/4.0/,"[""NO_DEPTH"",""ON_LAND""]",False,False
8018ced9-874f-45de-8a59-dd14b3f76909,https://www.inaturalist.org/observations/66776700,Orcaella brevirostris,urn:lsid:marinespecies.org:taxname:148732,148732,,1.7881228004,110.2635092911,2009-07-26T11:20:00+02:00,,HumanObservation,urn:lsid:marinespecies.org:taxname:148732,31444.0,True,eaea291a-1e1d-4382-b86f-ac3cc15b8d5a,iNaturalist research-grade observations,https://creativecommons.org/licenses/by-nc/4.0/,"[""NO_DEPTH""]",False,False
82a4a62b-90c6-454b-9743-dffbe0d97ab4,https://www.inaturalist.org/observations/162035219,Orcaella brevirostris,urn:lsid:marinespecies.org:taxname:148732,148732,,1.6586925455,110.3312538981,2023-05-10T18:12:00+08:00,,HumanObservation,urn:lsid:marinespecies.org:taxname:148732,31444.0,True,eaea291a-1e1d-4382-b86f-ac3cc15b8d5a,iNaturalist research-grade observations,https://creativecommons.org/licenses/by-nc/4.0/,"[""NO_DEPTH"",""ON_LAND""]",False,False
8382dc10-0d84-4f9a-9149-f1e958995398,744_108,Orcaella brevirostris,urn:lsid:marinespecies.org:taxname:148732,148732,valid,1.64805,110.251829,2009-09-10T10:57,2009,HumanObservation,present,,True,d90281b7-cce9-49a1-b27a-1226a90b6777,"Distribution of small cetaceans in the nearshore waters of Sarawak, East Malaysia",http://creativecommons.org/licenses/by-nc/4.0/,"[""NO_DEPTH""]",False,False
85d0447d-afe4-46b0-bb2f-eeeda51e776d,744_32,Orcaella brevirostris,urn:lsid:marinespecies.org:taxname:148732,148732,valid,1.710476,110.308029,2008-09-18T08:41,2008,HumanObservation,present,,True,d90281b7-cce9-49a1-b27a-1226a90b6777,"Distribution of small cetaceans in the nearshore waters of Sarawak, East Malaysia",http://creativecommons.org/licenses/by-nc/4.0/,"[""NO_DEPTH""]",False,False
872e131f-942a-40f1-8555-a9e58163ed87,https://www.inaturalist.org/observations/318595162,Orcaella brevirostris,urn:lsid:marinespecies.org:taxname:148732,148732,,1.76705042,110.3827766599,2025-09-27T09:30:00+08:00,,HumanObservation,urn:lsid:marinespecies.org:taxname:148732,31444.0,True,eaea291a-1e1d-4382-b86f-ac3cc15b8d5a,iNaturalist research-grade observations,https://creativecommons.org/licenses/by/4.0/,"[""NO_DEPTH""]",False,False
88e3c84e-6812-4833-ab19-dad297bda6e5,744_29,Orcaella brevirostris,urn:lsid:marinespecies.org:taxname:148732,148732,valid,1.732149,110.222906,2008-09-16T10:38,2008,HumanObservation,present,,True,d90281b7-cce9-49a1-b27a-1226a90b6777,"Distribution of small cetaceans in the nearshore waters of Sarawak, East Malaysia",http://creativecommons.org/licenses/by-nc/4.0/,"[""NO_DEPTH""]",False,False
8b978f0a-cc30-40f2-847a-cd0bdf5ddbc0,https://www.inaturalist.org/observations/13863865,Orcaella brevirostris,urn:lsid:marinespecies.org:taxname:148732,148732,,6.1971279738,117.7472199023,2017-11-26T09:12:00-06:00,,HumanObservation,urn:lsid:marinespecies.org:taxname:148732,31362.0,True,eaea291a-1e1d-4382-b86f-ac3cc15b8d5a,iNaturalist research-grade observations,https://creativecommons.org/licenses/by/4.0/,"[""NO_DEPTH""]",False,False
8bf1ddba-72e7-4410-8ea5-469bf27af78d,https://www.inaturalist.org/observations/269547309,Orcaella brevirostris,urn:lsid:marinespecies.org:taxname:148732,148732,,1.7234324967,110.2841159087,2024-07-28T10:19:00+08:00,,HumanObservation,urn:lsid:marinespecies.org:taxname:148732,31444.0,True,eaea291a-1e1d-4382-b86f-ac3cc15b8d5a,iNaturalist research-grade observations,https://creativecommons.org/licenses/by-nc/4.0/,"[""NO_DEPTH""]",False,False
8d747bd2-aedd-4f91-8619-6c693da53ce7,744_79,Orcaella brevirostris,urn:lsid:marinespecies.org:taxname:148732,148732,valid,1.635096,110.508057,2009-05-20T07:56,2009,HumanObservation,present,,True,d90281b7-cce9-49a1-b27a-1226a90b6777,"Distribution of small cetaceans in the nearshore waters of Sarawak, East Malaysia",http://creativecommons.org/licenses/by-nc/4.0/,"[""NO_DEPTH""]",False,False
8db61b7a-2a9f-48ce-a2ac-a077ee39c645,744_12,Orcaella brevirostris,urn:lsid:marinespecies.org:taxname:148732,148732,valid,3.300983,113.090241,2008-06-12T15:16,2008,HumanObservation,present,,True,d90281b7-cce9-49a1-b27a-1226a90b6777,"Distribution of small cetaceans in the nearshore waters of Sarawak, East Malaysia",http://creativecommons.org/licenses/by-nc/4.0/,"[""NO_DEPTH""]",False,False
8e71bce0-158a-4e2d-b465-4d57c5bd1401,https://www.inaturalist.org/observations/261827685,Orcaella brevirostris,urn:lsid:marinespecies.org:taxname:148732,148732,,1.6293021576,110.336967225,2025-02-02T10:20:00+08:00,,HumanObservation,urn:lsid:marinespecies.org:taxname:148732,31444.0,True,eaea291a-1e1d-4382-b86f-ac3cc15b8d5a,iNaturalist research-grade observations,https://creativecommons.org/licenses/by-nc/4.0/,"[""NO_DEPTH"",""ON_LAND""]",False,False
8f5f37a8-ddbc-4eab-ae35-9e668b2fefd9,https://www.inaturalist.org/observations/269545646,Orcaella brevirostris,urn:lsid:marinespecies.org:taxname:148732,148732,,1.7940268941,110.3831692166,2024-07-28T10:04:00+08:00,,HumanObservation,urn:lsid:marinespecies.org:taxname:148732,31444.0,True,eaea291a-1e1d-4382-b86f-ac3cc15b8d5a,iNaturalist research-grade observations,https://creativecommons.org/licenses/by-nc/4.0/,"[""NO_DEPTH""]",False,False
8fdd6e43-6262-4081-a746-8c8c1f6ce9a3,https://www.inaturalist.org/observations/345069946,Orcaella brevirostris,urn:lsid:marinespecies.org:taxname:148732,148732,,1.6319555689,110.2900942751,2026-03-06T13:53:19+08:00,,HumanObservation,urn:lsid:marinespecies.org:taxname:148732,31444.0,True,eaea291a-1e1d-4382-b86f-ac3cc15b8d5a,iNaturalist research-grade observations,https://creativecommons.org/licenses/by-nc/4.0/,"[""NO_DEPTH""]",False,False
91f99f6e-ce00-4d9e-bc4f-3cb2e572c4d3,https://www.inaturalist.org/observations/226655099,Orcaella brevirostris,urn:lsid:marinespecies.org:taxname:148732,148732,,1.7803585646,110.5707540228,2024-06-27T21:42:00+08:00,,HumanObservation,urn:lsid:marinespecies.org:taxname:148732,31444.0,True,eaea291a-1e1d-4382-b86f-ac3cc15b8d5a,iNaturalist research-grade observations,https://creativecommons.org/licenses/by-nc/4.0/,"[""NO_DEPTH""]",False,False
991ff184-397c-4ea4-b9e3-65fcfa65ab05,744_106,Orcaella brevirostris,urn:lsid:marinespecies.org:taxname:148732,148732,valid,1.73326,110.428667,2009-09-09T10:56,2009,HumanObservation,present,,True,d90281b7-cce9-49a1-b27a-1226a90b6777,"Distribution of small cetaceans in the nearshore waters of Sarawak, East Malaysia",http://creativecommons.org/licenses/by-nc/4.0/,"[""NO_DEPTH""]",False,False
9beb5308-b4f1-440a-9872-9708f8ef8ad6,https://www.inaturalist.org/observations/272103393,Orcaella brevirostris,urn:lsid:marinespecies.org:taxname:148732,148732,,1.6890644257,110.3266512265,2025-04-13T19:26:00+08:00,,HumanObservation,urn:lsid:marinespecies.org:taxname:148732,31444.0,True,eaea291a-1e1d-4382-b86f-ac3cc15b8d5a,iNaturalist research-grade observations,https://creativecommons.org/licenses/by-nc/4.0/,"[""NO_DEPTH"",""ON_LAND""]",False,False
9da79504-4ba7-4a77-8688-c6f15cceb91c,https://www.inaturalist.org/observations/236227562,Orcaella brevirostris,urn:lsid:marinespecies.org:taxname:148732,148732,,1.7740991231,110.303637556,2024-08-17T10:06:43+08:00,,HumanObservation,urn:lsid:marinespecies.org:taxname:148732,31444.0,True,eaea291a-1e1d-4382-b86f-ac3cc15b8d5a,iNaturalist research-grade observations,https://creativecommons.org/licenses/by-nc/4.0/,"[""NO_DEPTH""]",False,False
9e48df26-7338-49cd-8526-f118511c1be9,744_87,Orcaella brevirostris,urn:lsid:marinespecies.org:taxname:148732,148732,valid,1.693997,110.288851,2009-06-20T07:55,2009,HumanObservation,present,,True,d90281b7-cce9-49a1-b27a-1226a90b6777,"Distribution of small cetaceans in the nearshore waters of Sarawak, East Malaysia",http://creativecommons.org/licenses/by-nc/4.0/,"[""NO_DEPTH""]",False,False
a0ade0bb-e1b3-47d9-b904-ff19fa971d89,744_98,Orcaella brevirostris,urn:lsid:marinespecies.org:taxname:148732,148732,valid,1.695425,110.290174,2009-07-23T13:26,2009,HumanObservation,present,,True,d90281b7-cce9-49a1-b27a-1226a90b6777,"Distribution of small cetaceans in the nearshore waters of Sarawak, East Malaysia",http://creativecommons.org/licenses/by-nc/4.0/,"[""NO_DEPTH""]",False,False
a20a1138-60e6-43c2-b225-c19013af7c01,744_28,Orcaella brevirostris,urn:lsid:marinespecies.org:taxname:148732,148732,valid,1.751681,110.287086,2008-09-16T09:19,2008,HumanObservation,present,,True,d90281b7-cce9-49a1-b27a-1226a90b6777,"Distribution of small cetaceans in the nearshore waters of Sarawak, East Malaysia",http://creativecommons.org/licenses/by-nc/4.0/,"[""NO_DEPTH""]",False,False
a318bd62-0140-4bbb-a882-f25a646a4243,https://www.inaturalist.org/observations/269545649,Orcaella brevirostris,urn:lsid:marinespecies.org:taxname:148732,148732,,1.6786801514,110.2386291922,2024-07-28T10:04:00+08:00,,HumanObservation,urn:lsid:marinespecies.org:taxname:148732,31444.0,True,eaea291a-1e1d-4382-b86f-ac3cc15b8d5a,iNaturalist research-grade observations,https://creativecommons.org/licenses/by-nc/4.0/,"[""NO_DEPTH"",""ON_LAND""]",False,False
a5822413-b734-47a0-8759-afbd8da377a8,https://www.inaturalist.org/observations/256953037,Orcaella brevirostris,urn:lsid:marinespecies.org:taxname:148732,148732,,1.7430570167,110.3334397109,2024-08-06T22:49:00+08:00,,HumanObservation,urn:lsid:marinespecies.org:taxname:148732,31444.0,True,eaea291a-1e1d-4382-b86f-ac3cc15b8d5a,iNaturalist research-grade observations,https://creativecommons.org/licenses/by/4.0/,"[""NO_DEPTH"",""ON_LAND""]",False,False
a68ee3a7-19ff-43ac-b0cf-04ba19527894,https://www.inaturalist.org/observations/269547322,Orcaella brevirostris,urn:lsid:marinespecies.org:taxname:148732,148732,,1.666268138,110.2020563211,2024-07-28T10:22:00+08:00,,HumanObservation,urn:lsid:marinespecies.org:taxname:148732,31444.0,True,eaea291a-1e1d-4382-b86f-ac3cc15b8d5a,iNaturalist research-grade observations,https://creativecommons.org/licenses/by-nc/4.0/,"[""NO_DEPTH"",""ON_LAND""]",False,False
a73a9e95-1b8e-4976-b0d0-72c11391990d,744_66,Orcaella brevirostris,urn:lsid:marinespecies.org:taxname:148732,148732,valid,1.728399,110.411004,2009-03-05T11:08,2009,HumanObservation,present,,True,d90281b7-cce9-49a1-b27a-1226a90b6777,"Distribution of small cetaceans in the nearshore waters of Sarawak, East Malaysia",http://creativecommons.org/licenses/by-nc/4.0/,"[""NO_DEPTH""]",False,False
a73c8528-3955-4d58-96ff-a9f62e6ecbad,https://www.inaturalist.org/observations/218300847,Orcaella brevirostris,urn:lsid:marinespecies.org:taxname:148732,148732,,5.5883326764,118.9525744533,2024-05-25T10:29:11+08:00,,HumanObservation,urn:lsid:marinespecies.org:taxname:148732,31379.0,True,eaea291a-1e1d-4382-b86f-ac3cc15b8d5a,iNaturalist research-grade observations,https://creativecommons.org/licenses/by-nc/4.0/,"[""NO_DEPTH""]",False,False
a84b26f1-d7fe-4d28-be1a-44bf3bfb4b8d,https://www.inaturalist.org/observations/38298065,Orcaella brevirostris,urn:lsid:marinespecies.org:taxname:148732,148732,,6.1912777067,117.6104375384,2017-11-26T09:00:00+08:00,,HumanObservation,urn:lsid:marinespecies.org:taxname:148732,31362.0,True,eaea291a-1e1d-4382-b86f-ac3cc15b8d5a,iNaturalist research-grade observations,https://creativecommons.org/licenses/by/4.0/,"[""NO_DEPTH""]",False,False
a9af29a3-0b85-46a9-998f-d292ba33835f,https://www.inaturalist.org/observations/232834852,Orcaella brevirostris,urn:lsid:marinespecies.org:taxname:148732,148732,,1.6277878291,110.2390407906,2024-07-15T10:36:00+08:00,,HumanObservation,urn:lsid:marinespecies.org:taxname:148732,31444.0,True,eaea291a-1e1d-4382-b86f-ac3cc15b8d5a,iNaturalist research-grade observations,https://creativecommons.org/licenses/by-nc/4.0/,"[""NO_DEPTH"",""ON_LAND""]",False,False
acd93969-24d1-4f2c-9b75-6428480212b9,744_39,Orcaella brevirostris,urn:lsid:marinespecies.org:taxname:148732,148732,valid,1.714301,110.329551,2008-10-14T07:39,2008,HumanObservation,present,,True,d90281b7-cce9-49a1-b27a-1226a90b6777,"Distribution of small cetaceans in the nearshore waters of Sarawak, East Malaysia",http://creativecommons.org/licenses/by-nc/4.0/,"[""NO_DEPTH"",""ON_LAND""]",False,False
ad692b08-6c05-491a-8d30-d021f4a98b46,https://www.inaturalist.org/observations/269547314,Orcaella brevirostris,urn:lsid:marinespecies.org:taxname:148732,148732,,1.6270564356,110.3314214343,2024-07-28T10:19:00+08:00,,HumanObservation,urn:lsid:marinespecies.org:taxname:148732,31444.0,True,eaea291a-1e1d-4382-b86f-ac3cc15b8d5a,iNaturalist research-grade observations,https://creativecommons.org/licenses/by-nc/4.0/,"[""NO_DEPTH"",""ON_LAND""]",False,False
b01ddcae-812d-4230-9012-5d4f64af4b9f,https://www.inaturalist.org/observations/269547303,Orcaella brevirostris,urn:lsid:marinespecies.org:taxname:148732,148732,,1.672668074,110.2190492976,2024-07-28T10:18:00+08:00,,HumanObservation,urn:lsid:marinespecies.org:taxname:148732,31444.0,True,eaea291a-1e1d-4382-b86f-ac3cc15b8d5a,iNaturalist research-grade observations,https://creativecommons.org/licenses/by-nc/4.0/,"[""NO_DEPTH"",""ON_LAND""]",False,False
b13e9a50-2158-4cbd-8ccc-b75800ae4ddd,https://www.inaturalist.org/observations/254184816,Orcaella brevirostris,urn:lsid:marinespecies.org:taxname:148732,148732,,1.71887125,110.3130588879,2024-08-15T10:09:00+08:00,,HumanObservation,urn:lsid:marinespecies.org:taxname:148732,31444.0,True,eaea291a-1e1d-4382-b86f-ac3cc15b8d5a,iNaturalist research-grade observations,https://creativecommons.org/licenses/by-nc/4.0/,"[""NO_DEPTH""]",False,False
b2efb84e-1dfc-4e2b-b516-7dc75c84df95,744_83,Orcaella brevirostris,urn:lsid:marinespecies.org:taxname:148732,148732,valid,1.582261,110.726877,2009-05-21T14:25,2009,HumanObservation,present,,True,d90281b7-cce9-49a1-b27a-1226a90b6777,"Distribution of small cetaceans in the nearshore waters of Sarawak, East Malaysia",http://creativecommons.org/licenses/by-nc/4.0/,"[""NO_DEPTH""]",False,False
ba63cd27-79cd-4f82-9086-1da59c528b8f,744_59,Orcaella brevirostris,urn:lsid:marinespecies.org:taxname:148732,148732,valid,3.64363,113.377709,2009-02-20T07:10,2009,HumanObservation,present,,True,d90281b7-cce9-49a1-b27a-1226a90b6777,"Distribution of small cetaceans in the nearshore waters of Sarawak, East Malaysia",http://creativecommons.org/licenses/by-nc/4.0/,"[""NO_DEPTH""]",False,False
bc04bf7c-4361-4644-85d1-e925faf7f724,744_93,Orcaella brevirostris,urn:lsid:marinespecies.org:taxname:148732,148732,valid,1.691578,110.294458,2009-07-21T08:03,2009,HumanObservation,present,,True,d90281b7-cce9-49a1-b27a-1226a90b6777,"Distribution of small cetaceans in the nearshore waters of Sarawak, East Malaysia",http://creativecommons.org/licenses/by-nc/4.0/,"[""NO_DEPTH""]",False,False
bcea0e78-3a86-423f-8f63-8f5f620f1b46,https://www.inaturalist.org/observations/233684835,Orcaella brevirostris,urn:lsid:marinespecies.org:taxname:148732,148732,,1.7715303314,110.2666392543,2024-08-04T10:31:00+08:00,,HumanObservation,urn:lsid:marinespecies.org:taxname:148732,31444.0,True,eaea291a-1e1d-4382-b86f-ac3cc15b8d5a,iNaturalist research-grade observations,https://creativecommons.org/licenses/by-nc/4.0/,"[""NO_DEPTH""]",False,False
bdb76e1e-12f3-43b9-8496-84cc98697ebd,https://www.inaturalist.org/observations/232834853,Orcaella brevirostris,urn:lsid:marinespecies.org:taxname:148732,148732,,1.6652419244,110.2467108739,2024-07-15T10:51:00+08:00,,HumanObservation,urn:lsid:marinespecies.org:taxname:148732,31444.0,True,eaea291a-1e1d-4382-b86f-ac3cc15b8d5a,iNaturalist research-grade observations,https://creativecommons.org/licenses/by-nc/4.0/,"[""NO_DEPTH""]",False,False
be8a30d0-dd96-404c-9495-e293344f9d6f,744_46,Orcaella brevirostris,urn:lsid:marinespecies.org:taxname:148732,148732,valid,1.713507,110.333011,2008-10-16T10:33,2008,HumanObservation,present,,True,d90281b7-cce9-49a1-b27a-1226a90b6777,"Distribution of small cetaceans in the nearshore waters of Sarawak, East Malaysia",http://creativecommons.org/licenses/by-nc/4.0/,"[""NO_DEPTH"",""ON_LAND""]",False,False
c09cd879-c3c3-4836-ad4b-17a24b5df948,https://www.inaturalist.org/observations/218312390,Orcaella brevirostris,urn:lsid:marinespecies.org:taxname:148732,148732,,1.7203317225,110.2045647288,2024-05-13T09:40:00+08:00,,HumanObservation,urn:lsid:marinespecies.org:taxname:148732,31444.0,True,eaea291a-1e1d-4382-b86f-ac3cc15b8d5a,iNaturalist research-grade observations,https://creativecommons.org/licenses/by-nc/4.0/,"[""NO_DEPTH""]",False,False
c16de5f9-5b4d-43a6-a0f8-f0e3de23646c,https://www.inaturalist.org/observations/80996988,Orcaella brevirostris,urn:lsid:marinespecies.org:taxname:148732,148732,,1.7980208838,110.3771444588,2015-09-09T17:55:00+08:00,,HumanObservation,urn:lsid:marinespecies.org:taxname:148732,31444.0,True,eaea291a-1e1d-4382-b86f-ac3cc15b8d5a,iNaturalist research-grade observations,https://creativecommons.org/licenses/by-nc/4.0/,"[""NO_DEPTH""]",False,False
c18e8417-43d5-42f2-b32b-83f35987a37a,https://www.inaturalist.org/observations/299463001,Orcaella brevirostris,urn:lsid:marinespecies.org:taxname:148732,148732,,1.7459096747,110.3920908715,2025-07-20T10:42:29+08:00,,HumanObservation,urn:lsid:marinespecies.org:taxname:148732,31444.0,True,eaea291a-1e1d-4382-b86f-ac3cc15b8d5a,iNaturalist research-grade observations,https://creativecommons.org/licenses/by-nc/4.0/,"[""NO_DEPTH""]",False,False
c23b94fa-84d5-4e6c-88aa-0cdcc74c7bd7,https://www.inaturalist.org/observations/180588192,Orcaella brevirostris,urn:lsid:marinespecies.org:taxname:148732,148732,,1.7276711656,110.3733142125,2023-08-28T10:53:15+08:00,,HumanObservation,urn:lsid:marinespecies.org:taxname:148732,31444.0,True,eaea291a-1e1d-4382-b86f-ac3cc15b8d5a,iNaturalist research-grade observations,https://creativecommons.org/licenses/by-nc/4.0/,"[""NO_DEPTH""]",False,False
c380f7da-feef-4305-8ba6-57700aba354e,744_44,Orcaella brevirostris,urn:lsid:marinespecies.org:taxname:148732,148732,valid,1.714714,110.32851,2008-10-16T07:52,2008,HumanObservation,present,,True,d90281b7-cce9-49a1-b27a-1226a90b6777,"Distribution of small cetaceans in the nearshore waters of Sarawak, East Malaysia",http://creativecommons.org/licenses/by-nc/4.0/,"[""NO_DEPTH"",""ON_LAND""]",False,False
c50ca240-1e87-4617-8d70-c90f73b6e6cf,https://www.inaturalist.org/observations/269547335,Orcaella brevirostris,urn:lsid:marinespecies.org:taxname:148732,148732,,1.7372091586,110.3717206017,2024-07-28T10:30:00+08:00,,HumanObservation,urn:lsid:marinespecies.org:taxname:148732,31444.0,True,eaea291a-1e1d-4382-b86f-ac3cc15b8d5a,iNaturalist research-grade observations,https://creativecommons.org/licenses/by-nc/4.0/,"[""NO_DEPTH""]",False,False
c5864fc2-a4a1-4d5b-89fa-b1e574ae4b7a,https://www.inaturalist.org/observations/318595169,Orcaella brevirostris,urn:lsid:marinespecies.org:taxname:148732,148732,,1.6234938674,110.3985562572,2025-09-27T09:30:00+08:00,,HumanObservation,urn:lsid:marinespecies.org:taxname:148732,31444.0,True,eaea291a-1e1d-4382-b86f-ac3cc15b8d5a,iNaturalist research-grade observations,https://creativecommons.org/licenses/by/4.0/,"[""NO_DEPTH"",""ON_LAND""]",False,False
c5bd3573-e40b-4b69-a046-0852a29d11ea,744_101,Orcaella brevirostris,urn:lsid:marinespecies.org:taxname:148732,148732,valid,1.731495,110.216943,2009-08-20T10:48,2009,HumanObservation,present,,True,d90281b7-cce9-49a1-b27a-1226a90b6777,"Distribution of small cetaceans in the nearshore waters of Sarawak, East Malaysia",http://creativecommons.org/licenses/by-nc/4.0/,"[""NO_DEPTH""]",False,False
c773e698-3ad4-49e4-b8ce-6a5eff41c74f,https://www.inaturalist.org/observations/347280079,Orcaella brevirostris,urn:lsid:marinespecies.org:taxname:148732,148732,,5.9633286972,117.7972409782,2019-08-16T09:01:00+08:00,,HumanObservation,urn:lsid:marinespecies.org:taxname:148732,31368.0,True,eaea291a-1e1d-4382-b86f-ac3cc15b8d5a,iNaturalist research-grade observations,https://creativecommons.org/licenses/by-nc/4.0/,"[""NO_DEPTH""]",False,False
c91ad72d-5ded-4b86-b510-3b610b6801c1,https://www.inaturalist.org/observations/232834851,Orcaella brevirostris,urn:lsid:marinespecies.org:taxname:148732,148732,,1.661507431,110.3094664352,2024-07-15T10:01:00+08:00,,HumanObservation,urn:lsid:marinespecies.org:taxname:148732,31444.0,True,eaea291a-1e1d-4382-b86f-ac3cc15b8d5a,iNaturalist research-grade observations,https://creativecommons.org/licenses/by-nc/4.0/,"[""NO_DEPTH"",""ON_LAND""]",False,False
ca634d97-d6f4-42bc-9550-8006a1850473,744_45,Orcaella brevirostris,urn:lsid:marinespecies.org:taxname:148732,148732,valid,1.709135,110.306521,2008-10-16T10:07,2008,HumanObservation,present,,True,d90281b7-cce9-49a1-b27a-1226a90b6777,"Distribution of small cetaceans in the nearshore waters of Sarawak, East Malaysia",http://creativecommons.org/licenses/by-nc/4.0/,"[""NO_DEPTH""]",False,False
cb822245-57ca-4b4d-961a-8bb85b60c111,744_73,Orcaella brevirostris,urn:lsid:marinespecies.org:taxname:148732,148732,valid,3.34,113.14,2009-03-26T17:10,2009,HumanObservation,present,,True,d90281b7-cce9-49a1-b27a-1226a90b6777,"Distribution of small cetaceans in the nearshore waters of Sarawak, East Malaysia",http://creativecommons.org/licenses/by-nc/4.0/,"[""NO_DEPTH""]",False,False
cc466061-5ab6-43a1-a0d8-8508cc90fb88,https://www.inaturalist.org/observations/84364706,Orcaella brevirostris,urn:lsid:marinespecies.org:taxname:148732,148732,,1.6550618226,110.3528310828,2018-06-28,,HumanObservation,urn:lsid:marinespecies.org:taxname:148732,33529.0,True,eaea291a-1e1d-4382-b86f-ac3cc15b8d5a,iNaturalist research-grade observations,https://creativecommons.org/licenses/by-nc/4.0/,"[""NO_DEPTH"",""ON_LAND""]",False,False
d0815747-bdcb-4129-ab7c-c3aacba5487d,https://www.inaturalist.org/observations/191829623,Orcaella brevirostris,urn:lsid:marinespecies.org:taxname:148732,148732,,1.7873657355,110.2389371748,2023-10-16T09:32:00+08:00,,HumanObservation,urn:lsid:marinespecies.org:taxname:148732,31444.0,True,eaea291a-1e1d-4382-b86f-ac3cc15b8d5a,iNaturalist research-grade observations,https://creativecommons.org/licenses/by-nc/4.0/,"[""NO_DEPTH""]",False,False
d0ddde2b-6cab-4aad-9ed3-1bfd50008934,744_64,Orcaella brevirostris,urn:lsid:marinespecies.org:taxname:148732,148732,valid,1.793062,110.369274,2009-03-05T07:58,2009,HumanObservation,present,,True,d90281b7-cce9-49a1-b27a-1226a90b6777,"Distribution of small cetaceans in the nearshore waters of Sarawak, East Malaysia",http://creativecommons.org/licenses/by-nc/4.0/,"[""NO_DEPTH""]",False,False
d1acb9ae-8c2f-4df7-a4cd-b8123bacc2f1,https://www.inaturalist.org/observations/298901765,Orcaella brevirostris,urn:lsid:marinespecies.org:taxname:148732,148732,,1.5432180477,110.3462993979,2024-08-08T11:10:00+08:00,,HumanObservation,urn:lsid:marinespecies.org:taxname:148732,33527.0,True,eaea291a-1e1d-4382-b86f-ac3cc15b8d5a,iNaturalist research-grade observations,https://creativecommons.org/licenses/by-nc/4.0/,"[""NO_DEPTH"",""ON_LAND""]",False,False
d49ef977-dcc6-4deb-bef1-e4f1adba4f0c,https://www.inaturalist.org/observations/228261455,Orcaella brevirostris,urn:lsid:marinespecies.org:taxname:148732,148732,,1.7080729004,110.2613888456,2024-07-08T20:31:00+08:00,,HumanObservation,urn:lsid:marinespecies.org:taxname:148732,31444.0,True,eaea291a-1e1d-4382-b86f-ac3cc15b8d5a,iNaturalist research-grade observations,https://creativecommons.org/licenses/by-nc/4.0/,"[""NO_DEPTH"",""ON_LAND""]",False,False
d65de8ed-98af-49f5-b9d1-a94ae8f4e629,https://www.inaturalist.org/observations/234665605,Orcaella brevirostris,urn:lsid:marinespecies.org:taxname:148732,148732,,1.6407874336,110.296460047,2024-08-09T09:33:19+08:00,,HumanObservation,urn:lsid:marinespecies.org:taxname:148732,31444.0,True,eaea291a-1e1d-4382-b86f-ac3cc15b8d5a,iNaturalist research-grade observations,https://creativecommons.org/licenses/by-nc/4.0/,"[""NO_DEPTH""]",False,False
d6becef2-0f7a-44e0-8d24-2eee953bd44e,https://www.inaturalist.org/observations/349793991,Orcaella brevirostris,urn:lsid:marinespecies.org:taxname:148732,148732,,1.6824627663,110.2088578428,2026-04-09T17:39:00+08:00,,HumanObservation,urn:lsid:marinespecies.org:taxname:148732,31444.0,True,eaea291a-1e1d-4382-b86f-ac3cc15b8d5a,iNaturalist research-grade observations,https://creativecommons.org/licenses/by-nc/4.0/,"[""NO_DEPTH""]",False,False
dc0887e6-8c75-4594-8cd6-badc6a3afa98,https://www.inaturalist.org/observations/16041228,Orcaella brevirostris,urn:lsid:marinespecies.org:taxname:148732,148732,,1.6008283902,110.3757797398,2018-08-02T03:29:00+01:00,,HumanObservation,urn:lsid:marinespecies.org:taxname:148732,31444.0,True,eaea291a-1e1d-4382-b86f-ac3cc15b8d5a,iNaturalist research-grade observations,https://creativecommons.org/licenses/by-nc/4.0/,"[""NO_DEPTH"",""ON_LAND""]",False,False
dc3d5df9-2020-4702-8cb1-6fd23681e501,744_88,Orcaella brevirostris,urn:lsid:marinespecies.org:taxname:148732,148732,valid,1.692232,110.293877,2009-06-20T09:29,2009,HumanObservation,present,,True,d90281b7-cce9-49a1-b27a-1226a90b6777,"Distribution of small cetaceans in the nearshore waters of Sarawak, East Malaysia",http://creativecommons.org/licenses/by-nc/4.0/,"[""NO_DEPTH""]",False,False
dd84019a-be1c-4a4c-86c2-144617323543,https://www.inaturalist.org/observations/236226777,Orcaella brevirostris,urn:lsid:marinespecies.org:taxname:148732,148732,,1.6098533769,110.396375583,2024-08-17T09:46:24+08:00,,HumanObservation,urn:lsid:marinespecies.org:taxname:148732,31444.0,True,eaea291a-1e1d-4382-b86f-ac3cc15b8d5a,iNaturalist research-grade observations,https://creativecommons.org/licenses/by-nc/4.0/,"[""NO_DEPTH"",""ON_LAND""]",False,False
df3d7d4e-09ae-4fb4-b236-d72eebc71ffb,https://www.inaturalist.org/observations/129019270,Orcaella brevirostris,urn:lsid:marinespecies.org:taxname:148732,148732,,1.7785932309,110.2451698551,2017-08-18T00:00:00+08:00,,HumanObservation,urn:lsid:marinespecies.org:taxname:148732,31444.0,True,eaea291a-1e1d-4382-b86f-ac3cc15b8d5a,iNaturalist research-grade observations,https://creativecommons.org/licenses/by-nc/4.0/,"[""NO_DEPTH""]",False,False
dfffe947-9a7a-4237-914a-3ed339238ff9,https://www.inaturalist.org/observations/269547328,Orcaella brevirostris,urn:lsid:marinespecies.org:taxname:148732,148732,,1.7792638032,110.2128932302,2024-07-28T10:27:00+08:00,,HumanObservation,urn:lsid:marinespecies.org:taxname:148732,31444.0,True,eaea291a-1e1d-4382-b86f-ac3cc15b8d5a,iNaturalist research-grade observations,https://creativecommons.org/licenses/by-nc/4.0/,"[""NO_DEPTH""]",False,False
e1508081-2d4d-4888-882d-063902e2c245,https://www.inaturalist.org/observations/269547310,Orcaella brevirostris,urn:lsid:marinespecies.org:taxname:148732,148732,,1.6093399695,110.2466314153,2024-07-28T10:19:00+08:00,,HumanObservation,urn:lsid:marinespecies.org:taxname:148732,31444.0,True,eaea291a-1e1d-4382-b86f-ac3cc15b8d5a,iNaturalist research-grade observations,https://creativecommons.org/licenses/by-nc/4.0/,"[""NO_DEPTH"",""ON_LAND""]",False,False
e278fd66-3626-4570-9405-17fefd39a84e,744_41,Orcaella brevirostris,urn:lsid:marinespecies.org:taxname:148732,148732,valid,1.782676,110.306918,2008-10-14T10:22,2008,HumanObservation,present,,True,d90281b7-cce9-49a1-b27a-1226a90b6777,"Distribution of small cetaceans in the nearshore waters of Sarawak, East Malaysia",http://creativecommons.org/licenses/by-nc/4.0/,"[""NO_DEPTH""]",False,False
e40c89ea-39f1-4c1c-b063-7f4a1611accc,https://www.inaturalist.org/observations/269547338,Orcaella brevirostris,urn:lsid:marinespecies.org:taxname:148732,148732,,1.7663090365,110.3824750855,2024-07-28T10:28:00+08:00,,HumanObservation,urn:lsid:marinespecies.org:taxname:148732,31444.0,True,eaea291a-1e1d-4382-b86f-ac3cc15b8d5a,iNaturalist research-grade observations,https://creativecommons.org/licenses/by-nc/4.0/,"[""NO_DEPTH""]",False,False
e46c2982-8b3b-4c88-a775-8367011b7aa0,744_5,Orcaella brevirostris,urn:lsid:marinespecies.org:taxname:148732,148732,valid,3.349301,113.157414,2008-06-11T06:30,2008,HumanObservation,present,,True,d90281b7-cce9-49a1-b27a-1226a90b6777,"Distribution of small cetaceans in the nearshore waters of Sarawak, East Malaysia",http://creativecommons.org/licenses/by-nc/4.0/,"[""NO_DEPTH"",""ON_LAND""]",False,False
e5c2c6d5-6ae4-4858-9caa-8ea1580f2845,https://www.inaturalist.org/observations/203716077,Orcaella brevirostris,urn:lsid:marinespecies.org:taxname:148732,148732,,1.7632533487,110.3385658969,2024-02-14T09:19:00+08:00,,HumanObservation,urn:lsid:marinespecies.org:taxname:148732,31444.0,True,eaea291a-1e1d-4382-b86f-ac3cc15b8d5a,iNaturalist research-grade observations,https://creativecommons.org/licenses/by/4.0/,"[""NO_DEPTH"",""ON_LAND""]",False,False
e93716a5-acad-4a9f-9ef9-4a35bbbb1d2c,744_24,Orcaella brevirostris,urn:lsid:marinespecies.org:taxname:148732,148732,valid,1.685585,110.289527,2008-07-16T08:36,2008,HumanObservation,present,,True,d90281b7-cce9-49a1-b27a-1226a90b6777,"Distribution of small cetaceans in the nearshore waters of Sarawak, East Malaysia",http://creativecommons.org/licenses/by-nc/4.0/,"[""NO_DEPTH""]",False,False
e9c88733-835a-4a50-8148-543aa4bcb3e2,744_96,Orcaella brevirostris,urn:lsid:marinespecies.org:taxname:148732,148732,valid,1.721385,110.359237,2009-07-22T10:24,2009,HumanObservation,present,,True,d90281b7-cce9-49a1-b27a-1226a90b6777,"Distribution of small cetaceans in the nearshore waters of Sarawak, East Malaysia",http://creativecommons.org/licenses/by-nc/4.0/,"[""NO_DEPTH""]",False,False
ee4e64ab-ac4e-439c-91fb-0b3007e95901,744_6,Orcaella brevirostris,urn:lsid:marinespecies.org:taxname:148732,148732,valid,3.354059,113.1536,2008-06-11T08:47,2008,HumanObservation,present,,True,d90281b7-cce9-49a1-b27a-1226a90b6777,"Distribution of small cetaceans in the nearshore waters of Sarawak, East Malaysia",http://creativecommons.org/licenses/by-nc/4.0/,"[""NO_DEPTH""]",False,False
f0aaea9d-4141-450c-8fce-1db1c1979b81,744_40,Orcaella brevirostris,urn:lsid:marinespecies.org:taxname:148732,148732,valid,1.708642,110.303941,2008-10-14T07:53,2008,HumanObservation,present,,True,d90281b7-cce9-49a1-b27a-1226a90b6777,"Distribution of small cetaceans in the nearshore waters of Sarawak, East Malaysia",http://creativecommons.org/licenses/by-nc/4.0/,"[""NO_DEPTH""]",False,False
f194dd11-c28f-4eff-b485-ac0b65890a62,https://www.inaturalist.org/observations/358801136,Orcaella brevirostris,urn:lsid:marinespecies.org:taxname:148732,148732,,4.9580383118,115.200400339,2025-03-21T10:18:00+08:00,,HumanObservation,urn:lsid:marinespecies.org:taxname:148732,31394.0,True,eaea291a-1e1d-4382-b86f-ac3cc15b8d5a,iNaturalist research-grade observations,https://creativecommons.org/licenses/by-nc/4.0/,"[""NO_DEPTH"",""ON_LAND""]",False,False
f3c0b99e-2a53-44a9-8d69-3eaf5eef2470,744_9,Orcaella brevirostris,urn:lsid:marinespecies.org:taxname:148732,148732,valid,3.47338,113.249505,2008-06-11T12:52,2008,HumanObservation,present,,True,d90281b7-cce9-49a1-b27a-1226a90b6777,"Distribution of small cetaceans in the nearshore waters of Sarawak, East Malaysia",http://creativecommons.org/licenses/by-nc/4.0/,"[""NO_DEPTH""]",False,False
f63439cb-1001-44d7-afdb-6e858cfd0b43,744_100,Orcaella brevirostris,urn:lsid:marinespecies.org:taxname:148732,148732,valid,1.708517,110.302585,2009-08-20T08:02,2009,HumanObservation,present,,True,d90281b7-cce9-49a1-b27a-1226a90b6777,"Distribution of small cetaceans in the nearshore waters of Sarawak, East Malaysia",http://creativecommons.org/licenses/by-nc/4.0/,"[""NO_DEPTH""]",False,False
fa3936a9-033c-4c0c-959e-599f1eaa4c20,https://www.inaturalist.org/observations/379321320,Orcaella brevirostris,urn:lsid:marinespecies.org:taxname:148732,148732,,1.6463605475,110.3395842046,2026-06-30,,HumanObservation,urn:lsid:marinespecies.org:taxname:148732,31444.0,True,eaea291a-1e1d-4382-b86f-ac3cc15b8d5a,iNaturalist research-grade observations,https://creativecommons.org/licenses/by-nc/4.0/,"[""NO_DEPTH"",""ON_LAND""]",False,False
fbb38292-d0cc-42ac-85f7-537dc59e5f21,https://www.inaturalist.org/observations/203716083,Orcaella brevirostris,urn:lsid:marinespecies.org:taxname:148732,148732,,1.75191491,110.2273288815,2024-02-14T09:42:00+08:00,,HumanObservation,urn:lsid:marinespecies.org:taxname:148732,31444.0,True,eaea291a-1e1d-4382-b86f-ac3cc15b8d5a,iNaturalist research-grade observations,https://creativecommons.org/licenses/by/4.0/,"[""NO_DEPTH""]",False,False
fc519ccb-7477-44f7-8bc1-1f4adb313fca,744_78,Orcaella brevirostris,urn:lsid:marinespecies.org:taxname:148732,148732,valid,1.635568,110.496443,2009-05-20T07:32,2009,HumanObservation,present,,True,d90281b7-cce9-49a1-b27a-1226a90b6777,"Distribution of small cetaceans in the nearshore waters of Sarawak, East Malaysia",http://creativecommons.org/licenses/by-nc/4.0/,"[""NO_DEPTH"",""ON_LAND""]",False,False
fc9a6394-a9b8-4c42-8383-1547c085c825,744_107,Orcaella brevirostris,urn:lsid:marinespecies.org:taxname:148732,148732,valid,1.73075,110.41283,2009-09-09T11:28,2009,HumanObservation,present,,True,d90281b7-cce9-49a1-b27a-1226a90b6777,"Distribution of small cetaceans in the nearshore waters of Sarawak, East Malaysia",http://creativecommons.org/licenses/by-nc/4.0/,"[""NO_DEPTH""]",False,False
ffd5708f-01b9-4750-8455-767bb7ca8b32,https://www.inaturalist.org/observations/269547324,Orcaella brevirostris,urn:lsid:marinespecies.org:taxname:148732,148732,,1.7630740125,110.3385391575,2024-07-28T10:22:00+08:00,,HumanObservation,urn:lsid:marinespecies.org:taxname:148732,31444.0,True,eaea291a-1e1d-4382-b86f-ac3cc15b8d5a,iNaturalist research-grade observations,https://creativecommons.org/licenses/by-nc/4.0/,"[""NO_DEPTH"",""ON_LAND""]",False,False
