cell_id,latitude,longitude
912:2834,1.25,103.45
912:2835,1.25,103.55
913:2830,1.35,103.05
913:2831,1.35,103.15
913:2832,1.35,103.25
913:2833,1.35,103.35
913:2842,1.35,104.25
913:2843,1.35,104.35
913:2913,1.35,111.35
914:2829,1.45,102.95
914:2830,1.45,103.05
914:2831,1.45,103.15
914:2832,1.45,103.25
914:2833,1.45,103.35
914:2837,1.45,103.75
914:2840,1.45,104.05
914:2843,1.45,104.35
914:2910,1.45,111.05
915:2828,1.55,102.85
915:2829,1.55,102.95
915:2830,1.55,103.05
915:2831,1.55,103.15
915:2832,1.55,103.25
915:2843,1.55,104.35
915:2844,1.55,104.45
915:2845,1.55,104.55
915:2846,1.55,104.65
915:2907,1.55,110.75
915:2909,1.55,110.95
916:2826,1.65,102.65
916:2827,1.65,102.75
916:2828,1.65,102.85
916:2829,1.65,102.95
916:2830,1.65,103.05
916:2839,1.65,103.95
916:2842,1.65,104.25
916:2843,1.65,104.35
916:2844,1.65,104.45
916:2845,1.65,104.55
916:2846,1.65,104.65
916:2847,1.65,104.75
916:2848,1.65,104.85
916:2902,1.65,110.25
916:2903,1.65,110.35
916:2905,1.65,110.55
916:2906,1.65,110.65
916:2907,1.65,110.75
916:2908,1.65,110.85
916:2909,1.65,110.95
916:2911,1.65,111.15
917:2825,1.75,102.55
917:2826,1.75,102.65
917:2827,1.75,102.75
917:2828,1.75,102.85
917:2842,1.75,104.25
917:2843,1.75,104.35
917:2844,1.75,104.45
917:2845,1.75,104.55
917:2846,1.75,104.65
917:2847,1.75,104.75
917:2848,1.75,104.85
917:2849,1.75,104.95
917:2899,1.75,109.95
917:2900,1.75,110.05
917:2901,1.75,110.15
917:2902,1.75,110.25
917:2904,1.75,110.45
917:2905,1.75,110.55
917:2906,1.75,110.65
917:2907,1.75,110.75
917:2908,1.75,110.85
917:2909,1.75,110.95
917:2910,1.75,111.05
918:2823,1.85,102.35
918:2824,1.85,102.45
918:2825,1.85,102.55
918:2826,1.85,102.65
918:2827,1.85,102.75
918:2841,1.85,104.15
918:2842,1.85,104.25
918:2843,1.85,104.35
918:2844,1.85,104.45
918:2845,1.85,104.55
918:2846,1.85,104.65
918:2847,1.85,104.75
918:2848,1.85,104.85
918:2849,1.85,104.95
918:2897,1.85,109.75
918:2898,1.85,109.85
918:2899,1.85,109.95
918:2900,1.85,110.05
918:2901,1.85,110.15
918:2902,1.85,110.25
918:2903,1.85,110.35
918:2904,1.85,110.45
918:2905,1.85,110.55
918:2906,1.85,110.65
918:2907,1.85,110.75
918:2908,1.85,110.85
918:2909,1.85,110.95
918:2910,1.85,111.05
919:2822,1.95,102.25
919:2823,1.95,102.35
919:2824,1.95,102.45
919:2825,1.95,102.55
919:2841,1.95,104.15
919:2842,1.95,104.25
919:2843,1.95,104.35
919:2844,1.95,104.45
919:2845,1.95,104.55
919:2846,1.95,104.65
919:2847,1.95,104.75
919:2848,1.95,104.85
919:2849,1.95,104.95
919:2850,1.95,105.05
919:2896,1.95,109.65
919:2897,1.95,109.75
919:2898,1.95,109.85
919:2899,1.95,109.95
919:2900,1.95,110.05
919:2901,1.95,110.15
919:2902,1.95,110.25
919:2903,1.95,110.35
919:2904,1.95,110.45
919:2905,1.95,110.55
919:2906,1.95,110.65
919:2907,1.95,110.75
919:2908,1.95,110.85
919:2909,1.95,110.95
919:2910,1.95,111.05
919:2911,1.95,111.15
920:2821,2.05,102.15
920:2822,2.05,102.25
920:2823,2.05,102.35
920:2824,2.05,102.45
920:2825,2.05,102.55
920:2841,2.05,104.15
920:2842,2.05,104.25
920:2843,2.05,104.35
920:2844,2.05,104.45
920:2845,2.05,104.55
920:2846,2.05,104.65
920:2847,2.05,104.75
920:2848,2.05,104.85
920:2849,2.05,104.95
920:2850,2.05,105.05
920:2896,2.05,109.65
920:2897,2.05,109.75
920:2898,2.05,109.85
920:2899,2.05,109.95
920:2900,2.05,110.05
920:2901,2.05,110.15
920:2902,2.05,110.25
920:2903,2.05,110.35
920:2904,2.05,110.45
920:2905,2.05,110.55
920:2906,2.05,110.65
920:2907,2.05,110.75
920:2908,2.05,110.85
920:2909,2.05,110.95
920:2910,2.05,111.05
920:2911,2.05,111.15
921:2819,2.15,101.95
921:2820,2.15,102.05
921:2821,2.15,102.15
921:2822,2.15,102.25
921:2840,2.15,104.05
921:2841,2.15,104.15
921:2842,2.15,104.25
921:2843,2.15,104.35
921:2844,2.15,104.45
921:2845,2.15,104.55
921:2846,2.15,104.65
921:2847,2.15,104.75
921:2848,2.15,104.85
921:2849,2.15,104.95
921:2850,2.15,105.05
921:2897,2.15,109.75
921:2898,2.15,109.85
921:2899,2.15,109.95
921:2900,2.15,110.05
921:2901,2.15,110.15
921:2902,2.15,110.25
921:2903,2.15,110.35
921:2904,2.15,110.45
921:2905,2.15,110.55
921:2906,2.15,110.65
921:2907,2.15,110.75
921:2908,2.15,110.85
921:2909,2.15,110.95
921:2910,2.15,111.05
921:2911,2.15,111.15
921:2912,2.15,111.25
921:2913,2.15,111.35
921:2920,2.15,112.05
922:2818,2.25,101.85
922:2819,2.25,101.95
922:2820,2.25,102.05
922:2840,2.25,104.05
922:2841,2.25,104.15
922:2842,2.25,104.25
922:2843,2.25,104.35
922:2844,2.25,104.45
922:2845,2.25,104.55
922:2846,2.25,104.65
922:2847,2.25,104.75
922:2848,2.25,104.85
922:2849,2.25,104.95
922:2897,2.25,109.75
922:2898,2.25,109.85
922:2899,2.25,109.95
922:2900,2.25,110.05
922:2901,2.25,110.15
922:2902,2.25,110.25
922:2903,2.25,110.35
922:2904,2.25,110.45
922:2905,2.25,110.55
922:2906,2.25,110.65
922:2907,2.25,110.75
922:2908,2.25,110.85
922:2909,2.25,110.95
922:2910,2.25,111.05
922:2911,2.25,111.15
923:2817,2.35,101.75
923:2818,2.35,101.85
923:2819,2.35,101.95
923:2839,2.35,103.95
923:2840,2.35,104.05
923:2841,2.35,104.15
923:2842,2.35,104.25
923:2843,2.35,104.35
923:2844,2.35,104.45
923:2845,2.35,104.55
923:2846,2.35,104.65
923:2847,2.35,104.75
923:2848,2.35,104.85
923:2849,2.35,104.95
923:2897,2.35,109.75
923:2898,2.35,109.85
923:2899,2.35,109.95
923:2900,2.35,110.05
923:2901,2.35,110.15
923:2902,2.35,110.25
923:2903,2.35,110.35
923:2904,2.35,110.45
923:2905,2.35,110.55
923:2906,2.35,110.65
923:2907,2.35,110.75
923:2908,2.35,110.85
923:2909,2.35,110.95
923:2910,2.35,111.05
923:2911,2.35,111.15
923:2912,2.35,111.25
923:2913,2.35,111.35
924:2815,2.45,101.55
924:2816,2.45,101.65
924:2817,2.45,101.75
924:2818,2.45,101.85
924:2838,2.45,103.85
924:2839,2.45,103.95
924:2840,2.45,104.05
924:2841,2.45,104.15
924:2842,2.45,104.25
924:2843,2.45,104.35
924:2844,2.45,104.45
924:2845,2.45,104.55
924:2846,2.45,104.65
924:2847,2.45,104.75
924:2848,2.45,104.85
924:2849,2.45,104.95
924:2898,2.45,109.85
924:2899,2.45,109.95
924:2900,2.45,110.05
924:2901,2.45,110.15
924:2902,2.45,110.25
924:2903,2.45,110.35
924:2904,2.45,110.45
924:2905,2.45,110.55
924:2906,2.45,110.65
924:2907,2.45,110.75
924:2908,2.45,110.85
924:2909,2.45,110.95
924:2910,2.45,111.05
924:2911,2.45,111.15
924:2912,2.45,111.25
925:2814,2.55,101.45
925:2815,2.55,101.55
925:2816,2.55,101.65
925:2817,2.55,101.75
925:2838,2.55,103.85
925:2839,2.55,103.95
925:2840,2.55,104.05
925:2841,2.55,104.15
925:2842,2.55,104.25
925:2843,2.55,104.35
925:2844,2.55,104.45
925:2845,2.55,104.55
925:2846,2.55,104.65
925:2847,2.55,104.75
925:2848,2.55,104.85
925:2849,2.55,104.95
925:2898,2.55,109.85
925:2899,2.55,109.95
925:2900,2.55,110.05
925:2901,2.55,110.15
925:2902,2.55,110.25
925:2903,2.55,110.35
925:2904,2.55,110.45
925:2905,2.55,110.55
925:2906,2.55,110.65
925:2907,2.55,110.75
925:2908,2.55,110.85
925:2909,2.55,110.95
925:2910,2.55,111.05
925:2911,2.55,111.15
925:2912,2.55,111.25
926:2813,2.65,101.35
926:2814,2.65,101.45
926:2815,2.65,101.55
926:2837,2.65,103.75
926:2838,2.65,103.85
926:2839,2.65,103.95
926:2840,2.65,104.05
926:2841,2.65,104.15
926:2842,2.65,104.25
926:2843,2.65,104.35
926:2844,2.65,104.45
926:2845,2.65,104.55
926:2846,2.65,104.65
926:2847,2.65,104.75
926:2848,2.65,104.85
926:2898,2.65,109.85
926:2899,2.65,109.95
926:2900,2.65,110.05
926:2901,2.65,110.15
926:2902,2.65,110.25
926:2903,2.65,110.35
926:2904,2.65,110.45
926:2905,2.65,110.55
926:2906,2.65,110.65
926:2907,2.65,110.75
926:2908,2.65,110.85
926:2909,2.65,110.95
926:2910,2.65,111.05
926:2911,2.65,111.15
926:2912,2.65,111.25
927:2811,2.75,101.15
927:2812,2.75,101.25
927:2813,2.75,101.35
927:2835,2.75,103.55
927:2836,2.75,103.65
927:2837,2.75,103.75
927:2838,2.75,103.85
927:2839,2.75,103.95
927:2840,2.75,104.05
927:2842,2.75,104.25
927:2843,2.75,104.35
927:2844,2.75,104.45
927:2845,2.75,104.55
927:2846,2.75,104.65
927:2847,2.75,104.75
927:2848,2.75,104.85
927:2898,2.75,109.85
927:2899,2.75,109.95
927:2900,2.75,110.05
927:2901,2.75,110.15
927:2902,2.75,110.25
927:2903,2.75,110.35
927:2904,2.75,110.45
927:2905,2.75,110.55
927:2906,2.75,110.65
927:2907,2.75,110.75
927:2908,2.75,110.85
927:2909,2.75,110.95
927:2910,2.75,111.05
927:2911,2.75,111.15
927:2912,2.75,111.25
927:2914,2.75,111.45
928:2810,2.85,101.05
928:2811,2.85,101.15
928:2812,2.85,101.25
928:2835,2.85,103.55
928:2836,2.85,103.65
928:2837,2.85,103.75
928:2838,2.85,103.85
928:2839,2.85,103.95
928:2840,2.85,104.05
928:2841,2.85,104.15
928:2842,2.85,104.25
928:2843,2.85,104.35
928:2844,2.85,104.45
928:2845,2.85,104.55
928:2846,2.85,104.65
928:2847,2.85,104.75
928:2848,2.85,104.85
928:2899,2.85,109.95
928:2900,2.85,110.05
928:2901,2.85,110.15
928:2902,2.85,110.25
928:2903,2.85,110.35
928:2904,2.85,110.45
928:2905,2.85,110.55
928:2906,2.85,110.65
928:2907,2.85,110.75
928:2908,2.85,110.85
928:2909,2.85,110.95
928:2910,2.85,111.05
928:2911,2.85,111.15
928:2912,2.85,111.25
928:2913,2.85,111.35
928:2914,2.85,111.45
928:2915,2.85,111.55
928:2916,2.85,111.65
929:2809,2.95,100.95
929:2810,2.95,101.05
929:2811,2.95,101.15
929:2834,2.95,103.45
929:2835,2.95,103.55
929:2836,2.95,103.65
929:2837,2.95,103.75
929:2838,2.95,103.85
929:2839,2.95,103.95
929:2840,2.95,104.05
929:2841,2.95,104.15
929:2842,2.95,104.25
929:2843,2.95,104.35
929:2844,2.95,104.45
929:2845,2.95,104.55
929:2846,2.95,104.65
929:2847,2.95,104.75
929:2848,2.95,104.85
929:2899,2.95,109.95
929:2900,2.95,110.05
929:2901,2.95,110.15
929:2902,2.95,110.25
929:2903,2.95,110.35
929:2904,2.95,110.45
929:2905,2.95,110.55
929:2906,2.95,110.65
929:2907,2.95,110.75
929:2908,2.95,110.85
929:2909,2.95,110.95
929:2910,2.95,111.05
929:2911,2.95,111.15
929:2912,2.95,111.25
929:2913,2.95,111.35
929:2914,2.95,111.45
929:2915,2.95,111.55
929:2916,2.95,111.65
929:2917,2.95,111.75
929:2918,2.95,111.85
929:2919,2.95,111.95
929:2920,2.95,112.05
929:2921,2.95,112.15
930:2808,3.05,100.85
930:2809,3.05,100.95
930:2810,3.05,101.05
930:2811,3.05,101.15
930:2813,3.05,101.35
930:2834,3.05,103.45
930:2835,3.05,103.55
930:2836,3.05,103.65
930:2837,3.05,103.75
930:2838,3.05,103.85
930:2839,3.05,103.95
930:2840,3.05,104.05
930:2841,3.05,104.15
930:2842,3.05,104.25
930:2843,3.05,104.35
930:2844,3.05,104.45
930:2845,3.05,104.55
930:2846,3.05,104.65
930:2847,3.05,104.75
930:2899,3.05,109.95
930:2900,3.05,110.05
930:2901,3.05,110.15
930:2902,3.05,110.25
930:2903,3.05,110.35
930:2904,3.05,110.45
930:2905,3.05,110.55
930:2906,3.05,110.65
930:2907,3.05,110.75
930:2908,3.05,110.85
930:2909,3.05,110.95
930:2910,3.05,111.05
930:2911,3.05,111.15
930:2912,3.05,111.25
930:2913,3.05,111.35
930:2914,3.05,111.45
930:2915,3.05,111.55
930:2916,3.05,111.65
930:2917,3.05,111.75
930:2918,3.05,111.85
930:2919,3.05,111.95
930:2920,3.05,112.05
930:2921,3.05,112.15
930:2922,3.05,112.25
930:2923,3.05,112.35
930:2924,3.05,112.45
930:2925,3.05,112.55
930:2926,3.05,112.65
931:2807,3.15,100.75
931:2808,3.15,100.85
931:2809,3.15,100.95
931:2810,3.15,101.05
931:2811,3.15,101.15
931:2812,3.15,101.25
931:2834,3.15,103.45
931:2835,3.15,103.55
931:2836,3.15,103.65
931:2837,3.15,103.75
931:2838,3.15,103.85
931:2839,3.15,103.95
931:2840,3.15,104.05
931:2841,3.15,104.15
931:2842,3.15,104.25
931:2843,3.15,104.35
931:2844,3.15,104.45
931:2845,3.15,104.55
931:2846,3.15,104.65
931:2847,3.15,104.75
931:2899,3.15,109.95
931:2900,3.15,110.05
931:2901,3.15,110.15
931:2902,3.15,110.25
931:2903,3.15,110.35
931:2904,3.15,110.45
931:2905,3.15,110.55
931:2906,3.15,110.65
931:2907,3.15,110.75
931:2908,3.15,110.85
931:2909,3.15,110.95
931:2910,3.15,111.05
931:2911,3.15,111.15
931:2912,3.15,111.25
931:2913,3.15,111.35
931:2914,3.15,111.45
931:2915,3.15,111.55
931:2916,3.15,111.65
931:2917,3.15,111.75
931:2918,3.15,111.85
931:2919,3.15,111.95
931:2920,3.15,112.05
931:2921,3.15,112.15
931:2922,3.15,112.25
931:2923,3.15,112.35
931:2924,3.15,112.45
931:2925,3.15,112.55
931:2926,3.15,112.65
931:2927,3.15,112.75
931:2928,3.15,112.85
931:2929,3.15,112.95
931:2933,3.15,113.35
931:2997,3.15,119.75
931:2998,3.15,119.85
931:2999,3.15,119.95
932:2805,3.25,100.55
932:2806,3.25,100.65
932:2807,3.25,100.75
932:2808,3.25,100.85
932:2809,3.25,100.95
932:2810,3.25,101.05
932:2811,3.25,101.15
932:2812,3.25,101.25
932:2834,3.25,103.45
932:2835,3.25,103.55
932:2836,3.25,103.65
932:2837,3.25,103.75
932:2838,3.25,103.85
932:2839,3.25,103.95
932:2840,3.25,104.05
932:2841,3.25,104.15
932:2842,3.25,104.25
932:2843,3.25,104.35
932:2844,3.25,104.45
932:2845,3.25,104.55
932:2846,3.25,104.65
932:2847,3.25,104.75
932:2899,3.25,109.95
932:2900,3.25,110.05
932:2901,3.25,110.15
932:2902,3.25,110.25
932:2903,3.25,110.35
932:2904,3.25,110.45
932:2905,3.25,110.55
932:2906,3.25,110.65
932:2907,3.25,110.75
932:2908,3.25,110.85
932:2909,3.25,110.95
932:2910,3.25,111.05
932:2911,3.25,111.15
932:2912,3.25,111.25
932:2913,3.25,111.35
932:2914,3.25,111.45
932:2915,3.25,111.55
932:2916,3.25,111.65
932:2917,3.25,111.75
932:2918,3.25,111.85
932:2919,3.25,111.95
932:2920,3.25,112.05
932:2921,3.25,112.15
932:2922,3.25,112.25
932:2923,3.25,112.35
932:2924,3.25,112.45
932:2925,3.25,112.55
932:2926,3.25,112.65
932:2927,3.25,112.75
932:2928,3.25,112.85
932:2929,3.25,112.95
932:2930,3.25,113.05
932:2994,3.25,119.45
932:2995,3.25,119.55
932:2996,3.25,119.65
932:2997,3.25,119.75
932:2998,3.25,119.85
933:2804,3.35,100.45
933:2805,3.35,100.55
933:2806,3.35,100.65
933:2807,3.35,100.75
933:2808,3.35,100.85
933:2809,3.35,100.95
933:2810,3.35,101.05
933:2811,3.35,101.15
933:2834,3.35,103.45
933:2835,3.35,103.55
933:2836,3.35,103.65
933:2837,3.35,103.75
933:2838,3.35,103.85
933:2839,3.35,103.95
933:2840,3.35,104.05
933:2841,3.35,104.15
933:2842,3.35,104.25
933:2843,3.35,104.35
933:2844,3.35,104.45
933:2845,3.35,104.55
933:2846,3.35,104.65
933:2847,3.35,104.75
933:2899,3.35,109.95
933:2900,3.35,110.05
933:2901,3.35,110.15
933:2902,3.35,110.25
933:2903,3.35,110.35
933:2904,3.35,110.45
933:2905,3.35,110.55
933:2906,3.35,110.65
933:2907,3.35,110.75
933:2908,3.35,110.85
933:2909,3.35,110.95
933:2910,3.35,111.05
933:2911,3.35,111.15
933:2912,3.35,111.25
933:2913,3.35,111.35
933:2914,3.35,111.45
933:2915,3.35,111.55
933:2916,3.35,111.65
933:2917,3.35,111.75
933:2918,3.35,111.85
933:2919,3.35,111.95
933:2920,3.35,112.05
933:2921,3.35,112.15
933:2922,3.35,112.25
933:2923,3.35,112.35
933:2924,3.35,112.45
933:2925,3.35,112.55
933:2926,3.35,112.65
933:2927,3.35,112.75
933:2928,3.35,112.85
933:2929,3.35,112.95
933:2930,3.35,113.05
933:2931,3.35,113.15
933:2992,3.35,119.25
933:2993,3.35,119.35
933:2994,3.35,119.45
933:2995,3.35,119.55
933:2996,3.35,119.65
933:2997,3.35,119.75
934:2803,3.45,100.35
934:2804,3.45,100.45
934:2805,3.45,100.55
934:2806,3.45,100.65
934:2807,3.45,100.75
934:2808,3.45,100.85
934:2809,3.45,100.95
934:2810,3.45,101.05
934:2834,3.45,103.45
934:2835,3.45,103.55
934:2836,3.45,103.65
934:2837,3.45,103.75
934:2838,3.45,103.85
934:2839,3.45,103.95
934:2840,3.45,104.05
934:2841,3.45,104.15
934:2842,3.45,104.25
934:2843,3.45,104.35
934:2844,3.45,104.45
934:2845,3.45,104.55
934:2846,3.45,104.65
934:2847,3.45,104.75
934:2899,3.45,109.95
934:2900,3.45,110.05
934:2901,3.45,110.15
934:2902,3.45,110.25
934:2903,3.45,110.35
934:2904,3.45,110.45
934:2905,3.45,110.55
934:2906,3.45,110.65
934:2907,3.45,110.75
934:2908,3.45,110.85
934:2909,3.45,110.95
934:2910,3.45,111.05
934:2911,3.45,111.15
934:2912,3.45,111.25
934:2913,3.45,111.35
934:2914,3.45,111.45
934:2915,3.45,111.55
934:2916,3.45,111.65
934:2917,3.45,111.75
934:2918,3.45,111.85
934:2919,3.45,111.95
934:2920,3.45,112.05
934:2921,3.45,112.15
934:2922,3.45,112.25
934:2923,3.45,112.35
934:2924,3.45,112.45
934:2925,3.45,112.55
934:2926,3.45,112.65
934:2927,3.45,112.75
934:2928,3.45,112.85
934:2929,3.45,112.95
934:2930,3.45,113.05
934:2931,3.45,113.15
934:2990,3.45,119.05
934:2991,3.45,119.15
934:2992,3.45,119.25
934:2993,3.45,119.35
934:2994,3.45,119.45
934:2995,3.45,119.55
934:2996,3.45,119.65
935:2802,3.55,100.25
935:2803,3.55,100.35
935:2804,3.55,100.45
935:2805,3.55,100.55
935:2806,3.55,100.65
935:2807,3.55,100.75
935:2808,3.55,100.85
935:2809,3.55,100.95
935:2810,3.55,101.05
935:2834,3.55,103.45
935:2835,3.55,103.55
935:2836,3.55,103.65
935:2837,3.55,103.75
935:2838,3.55,103.85
935:2839,3.55,103.95
935:2840,3.55,104.05
935:2841,3.55,104.15
935:2842,3.55,104.25
935:2843,3.55,104.35
935:2844,3.55,104.45
935:2845,3.55,104.55
935:2846,3.55,104.65
935:2847,3.55,104.75
935:2899,3.55,109.95
935:2900,3.55,110.05
935:2901,3.55,110.15
935:2902,3.55,110.25
935:2903,3.55,110.35
935:2904,3.55,110.45
935:2905,3.55,110.55
935:2906,3.55,110.65
935:2907,3.55,110.75
935:2908,3.55,110.85
935:2909,3.55,110.95
935:2910,3.55,111.05
935:2911,3.55,111.15
935:2912,3.55,111.25
935:2913,3.55,111.35
935:2914,3.55,111.45
935:2915,3.55,111.55
935:2916,3.55,111.65
935:2917,3.55,111.75
935:2918,3.55,111.85
935:2919,3.55,111.95
935:2920,3.55,112.05
935:2921,3.55,112.15
935:2922,3.55,112.25
935:2923,3.55,112.35
935:2924,3.55,112.45
935:2925,3.55,112.55
935:2926,3.55,112.65
935:2927,3.55,112.75
935:2928,3.55,112.85
935:2929,3.55,112.95
935:2930,3.55,113.05
935:2931,3.55,113.15
935:2932,3.55,113.25
935:2988,3.55,118.85
935:2989,3.55,118.95
935:2990,3.55,119.05
935:2991,3.55,119.15
935:2992,3.55,119.25
935:2993,3.55,119.35
935:2994,3.55,119.45
935:2995,3.55,119.55
936:2801,3.65,100.15
936:2802,3.65,100.25
936:2803,3.65,100.35
936:2804,3.65,100.45
936:2805,3.65,100.55
936:2806,3.65,100.65
936:2807,3.65,100.75
936:2808,3.65,100.85
936:2809,3.65,100.95
936:2834,3.65,103.45
936:2835,3.65,103.55
936:2836,3.65,103.65
936:2837,3.65,103.75
936:2838,3.65,103.85
936:2839,3.65,103.95
936:2840,3.65,104.05
936:2841,3.65,104.15
936:2842,3.65,104.25
936:2843,3.65,104.35
936:2844,3.65,104.45
936:2845,3.65,104.55
936:2846,3.65,104.65
936:2847,3.65,104.75
936:2900,3.65,110.05
936:2901,3.65,110.15
936:2902,3.65,110.25
936:2903,3.65,110.35
936:2904,3.65,110.45
936:2905,3.65,110.55
936:2906,3.65,110.65
936:2907,3.65,110.75
936:2908,3.65,110.85
936:2909,3.65,110.95
936:2910,3.65,111.05
936:2911,3.65,111.15
936:2912,3.65,111.25
936:2913,3.65,111.35
936:2914,3.65,111.45
936:2915,3.65,111.55
936:2916,3.65,111.65
936:2917,3.65,111.75
936:2918,3.65,111.85
936:2919,3.65,111.95
936:2920,3.65,112.05
936:2921,3.65,112.15
936:2922,3.65,112.25
936:2923,3.65,112.35
936:2924,3.65,112.45
936:2925,3.65,112.55
936:2926,3.65,112.65
936:2927,3.65,112.75
936:2928,3.65,112.85
936:2929,3.65,112.95
936:2930,3.65,113.05
936:2931,3.65,113.15
936:2932,3.65,113.25
936:2933,3.65,113.35
936:2987,3.65,118.75
936:2988,3.65,118.85
936:2989,3.65,118.95
936:2990,3.65,119.05
936:2991,3.65,119.15
936:2992,3.65,119.25
936:2993,3.65,119.35
936:2994,3.65,119.45
936:2995,3.65,119.55
937:2800,3.75,100.05
937:2801,3.75,100.15
937:2802,3.75,100.25
937:2803,3.75,100.35
937:2804,3.75,100.45
937:2805,3.75,100.55
937:2806,3.75,100.65
937:2807,3.75,100.75
937:2808,3.75,100.85
937:2833,3.75,103.35
937:2834,3.75,103.45
937:2835,3.75,103.55
937:2836,3.75,103.65
937:2837,3.75,103.75
937:2838,3.75,103.85
937:2839,3.75,103.95
937:2840,3.75,104.05
937:2841,3.75,104.15
937:2842,3.75,104.25
937:2843,3.75,104.35
937:2844,3.75,104.45
937:2845,3.75,104.55
937:2846,3.75,104.65
937:2847,3.75,104.75
937:2900,3.75,110.05
937:2901,3.75,110.15
937:2902,3.75,110.25
937:2903,3.75,110.35
937:2904,3.75,110.45
937:2905,3.75,110.55
937:2906,3.75,110.65
937:2907,3.75,110.75
937:2908,3.75,110.85
937:2909,3.75,110.95
937:2910,3.75,111.05
937:2911,3.75,111.15
937:2912,3.75,111.25
937:2913,3.75,111.35
937:2914,3.75,111.45
937:2915,3.75,111.55
937:2916,3.75,111.65
937:2917,3.75,111.75
937:2918,3.75,111.85
937:2919,3.75,111.95
937:2920,3.75,112.05
937:2921,3.75,112.15
937:2922,3.75,112.25
937:2923,3.75,112.35
937:2924,3.75,112.45
937:2925,3.75,112.55
937:2926,3.75,112.65
937:2927,3.75,112.75
937:2928,3.75,112.85
937:2929,3.75,112.95
937:2930,3.75,113.05
937:2931,3.75,113.15
937:2932,3.75,113.25
937:2933,3.75,113.35
937:2985,3.75,118.55
937:2986,3.75,118.65
937:2987,3.75,118.75
937:2988,3.75,118.85
937:2989,3.75,118.95
937:2990,3.75,119.05
937:2991,3.75,119.15
937:2992,3.75,119.25
937:2993,3.75,119.35
937:2994,3.75,119.45
938:2799,3.85,99.95
938:2800,3.85,100.05
938:2801,3.85,100.15
938:2802,3.85,100.25
938:2803,3.85,100.35
938:2804,3.85,100.45
938:2805,3.85,100.55
938:2806,3.85,100.65
938:2807,3.85,100.75
938:2808,3.85,100.85
938:2834,3.85,103.45
938:2835,3.85,103.55
938:2836,3.85,103.65
938:2837,3.85,103.75
938:2838,3.85,103.85
938:2839,3.85,103.95
938:2840,3.85,104.05
938:2841,3.85,104.15
938:2842,3.85,104.25
938:2843,3.85,104.35
938:2844,3.85,104.45
938:2845,3.85,104.55
938:2846,3.85,104.65
938:2847,3.85,104.75
938:2900,3.85,110.05
938:2901,3.85,110.15
938:2902,3.85,110.25
938:2903,3.85,110.35
938:2904,3.85,110.45
938:2905,3.85,110.55
938:2906,3.85,110.65
938:2907,3.85,110.75
938:2908,3.85,110.85
938:2909,3.85,110.95
938:2910,3.85,111.05
938:2911,3.85,111.15
938:2912,3.85,111.25
938:2913,3.85,111.35
938:2914,3.85,111.45
938:2915,3.85,111.55
938:2916,3.85,111.65
938:2917,3.85,111.75
938:2918,3.85,111.85
938:2919,3.85,111.95
938:2920,3.85,112.05
938:2921,3.85,112.15
938:2922,3.85,112.25
938:2923,3.85,112.35
938:2924,3.85,112.45
938:2925,3.85,112.55
938:2926,3.85,112.65
938:2927,3.85,112.75
938:2928,3.85,112.85
938:2929,3.85,112.95
938:2930,3.85,113.05
938:2931,3.85,113.15
938:2932,3.85,113.25
938:2933,3.85,113.35
938:2934,3.85,113.45
938:2935,3.85,113.55
938:2984,3.85,118.45
938:2985,3.85,118.55
938:2986,3.85,118.65
938:2987,3.85,118.75
938:2988,3.85,118.85
938:2989,3.85,118.95
938:2990,3.85,119.05
938:2991,3.85,119.15
938:2992,3.85,119.25
938:2993,3.85,119.35
939:2798,3.95,99.85
939:2799,3.95,99.95
939:2800,3.95,100.05
939:2801,3.95,100.15
939:2802,3.95,100.25
939:2803,3.95,100.35
939:2804,3.95,100.45
939:2805,3.95,100.55
939:2806,3.95,100.65
939:2834,3.95,103.45
939:2835,3.95,103.55
939:2836,3.95,103.65
939:2837,3.95,103.75
939:2838,3.95,103.85
939:2839,3.95,103.95
939:2840,3.95,104.05
939:2841,3.95,104.15
939:2842,3.95,104.25
939:2843,3.95,104.35
939:2844,3.95,104.45
939:2845,3.95,104.55
939:2846,3.95,104.65
939:2847,3.95,104.75
939:2900,3.95,110.05
939:2901,3.95,110.15
939:2902,3.95,110.25
939:2903,3.95,110.35
939:2904,3.95,110.45
939:2905,3.95,110.55
939:2906,3.95,110.65
939:2907,3.95,110.75
939:2908,3.95,110.85
939:2909,3.95,110.95
939:2910,3.95,111.05
939:2911,3.95,111.15
939:2912,3.95,111.25
939:2913,3.95,111.35
939:2914,3.95,111.45
939:2915,3.95,111.55
939:2916,3.95,111.65
939:2917,3.95,111.75
939:2918,3.95,111.85
939:2919,3.95,111.95
939:2920,3.95,112.05
939:2921,3.95,112.15
939:2922,3.95,112.25
939:2923,3.95,112.35
939:2924,3.95,112.45
939:2925,3.95,112.55
939:2926,3.95,112.65
939:2927,3.95,112.75
939:2928,3.95,112.85
939:2929,3.95,112.95
939:2930,3.95,113.05
939:2931,3.95,113.15
939:2932,3.95,113.25
939:2933,3.95,113.35
939:2934,3.95,113.45
939:2935,3.95,113.55
939:2936,3.95,113.65
939:2983,3.95,118.35
939:2984,3.95,118.45
939:2985,3.95,118.55
939:2986,3.95,118.65
939:2987,3.95,118.75
939:2988,3.95,118.85
939:2989,3.95,118.95
939:2990,3.95,119.05
939:2991,3.95,119.15
939:2992,3.95,119.25
940:2797,4.05,99.75
940:2798,4.05,99.85
940:2799,4.05,99.95
940:2800,4.05,100.05
940:2801,4.05,100.15
940:2802,4.05,100.25
940:2803,4.05,100.35
940:2804,4.05,100.45
940:2805,4.05,100.55
940:2806,4.05,100.65
940:2807,4.05,100.75
940:2834,4.05,103.45
940:2835,4.05,103.55
940:2836,4.05,103.65
940:2837,4.05,103.75
940:2838,4.05,103.85
940:2839,4.05,103.95
940:2840,4.05,104.05
940:2841,4.05,104.15
940:2842,4.05,104.25
940:2843,4.05,104.35
940:2844,4.05,104.45
940:2845,4.05,104.55
940:2846,4.05,104.65
940:2847,4.05,104.75
940:2848,4.05,104.85
940:2900,4.05,110.05
940:2901,4.05,110.15
940:2902,4.05,110.25
940:2903,4.05,110.35
940:2904,4.05,110.45
940:2905,4.05,110.55
940:2906,4.05,110.65
940:2907,4.05,110.75
940:2908,4.05,110.85
940:2909,4.05,110.95
940:2910,4.05,111.05
940:2911,4.05,111.15
940:2912,4.05,111.25
940:2913,4.05,111.35
940:2914,4.05,111.45
940:2915,4.05,111.55
940:2916,4.05,111.65
940:2917,4.05,111.75
940:2918,4.05,111.85
940:2919,4.05,111.95
940:2920,4.05,112.05
940:2921,4.05,112.15
940:2922,4.05,112.25
940:2923,4.05,112.35
940:2924,4.05,112.45
940:2925,4.05,112.55
940:2926,4.05,112.65
940:2927,4.05,112.75
940:2928,4.05,112.85
940:2929,4.05,112.95
940:2930,4.05,113.05
940:2931,4.05,113.15
940:2932,4.05,113.25
940:2933,4.05,113.35
940:2934,4.05,113.45
940:2935,4.05,113.55
940:2936,4.05,113.65
940:2937,4.05,113.75
940:2982,4.05,118.25
940:2983,4.05,118.35
940:2984,4.05,118.45
940:2985,4.05,118.55
940:2986,4.05,118.65
940:2987,4.05,118.75
940:2988,4.05,118.85
940:2989,4.05,118.95
940:2990,4.05,119.05
940:2991,4.05,119.15
941:2796,4.15,99.65
941:2797,4.15,99.75
941:2798,4.15,99.85
941:2799,4.15,99.95
941:2800,4.15,100.05
941:2801,4.15,100.15
941:2802,4.15,100.25
941:2803,4.15,100.35
941:2804,4.15,100.45
941:2805,4.15,100.55
941:2806,4.15,100.65
941:2834,4.15,103.45
941:2835,4.15,103.55
941:2836,4.15,103.65
941:2837,4.15,103.75
941:2838,4.15,103.85
941:2839,4.15,103.95
941:2840,4.15,104.05
941:2841,4.15,104.15
941:2842,4.15,104.25
941:2843,4.15,104.35
941:2844,4.15,104.45
941:2845,4.15,104.55
941:2846,4.15,104.65
941:2847,4.15,104.75
941:2848,4.15,104.85
941:2900,4.15,110.05
941:2901,4.15,110.15
941:2902,4.15,110.25
941:2903,4.15,110.35
941:2904,4.15,110.45
941:2905,4.15,110.55
941:2906,4.15,110.65
941:2907,4.15,110.75
941:2908,4.15,110.85
941:2909,4.15,110.95
941:2910,4.15,111.05
941:2911,4.15,111.15
941:2912,4.15,111.25
941:2913,4.15,111.35
941:2914,4.15,111.45
941:2915,4.15,111.55
941:2916,4.15,111.65
941:2917,4.15,111.75
941:2918,4.15,111.85
941:2919,4.15,111.95
941:2920,4.15,112.05
941:2921,4.15,112.15
941:2922,4.15,112.25
941:2923,4.15,112.35
941:2924,4.15,112.45
941:2925,4.15,112.55
941:2926,4.15,112.65
941:2927,4.15,112.75
941:2928,4.15,112.85
941:2929,4.15,112.95
941:2930,4.15,113.05
941:2931,4.15,113.15
941:2932,4.15,113.25
941:2933,4.15,113.35
941:2934,4.15,113.45
941:2935,4.15,113.55
941:2936,4.15,113.65
941:2937,4.15,113.75
941:2980,4.15,118.05
941:2981,4.15,118.15
941:2982,4.15,118.25
941:2983,4.15,118.35
941:2984,4.15,118.45
941:2985,4.15,118.55
941:2986,4.15,118.65
941:2987,4.15,118.75
941:2988,4.15,118.85
941:2989,4.15,118.95
941:2990,4.15,119.05
941:2991,4.15,119.15
942:2794,4.25,99.45
942:2795,4.25,99.55
942:2796,4.25,99.65
942:2797,4.25,99.75
942:2798,4.25,99.85
942:2799,4.25,99.95
942:2800,4.25,100.05
942:2801,4.25,100.15
942:2802,4.25,100.25
942:2803,4.25,100.35
942:2804,4.25,100.45
942:2806,4.25,100.65
942:2835,4.25,103.55
942:2836,4.25,103.65
942:2837,4.25,103.75
942:2838,4.25,103.85
942:2839,4.25,103.95
942:2840,4.25,104.05
942:2841,4.25,104.15
942:2842,4.25,104.25
942:2843,4.25,104.35
942:2844,4.25,104.45
942:2845,4.25,104.55
942:2846,4.25,104.65
942:2847,4.25,104.75
942:2848,4.25,104.85
942:2849,4.25,104.95
942:2900,4.25,110.05
942:2901,4.25,110.15
942:2902,4.25,110.25
942:2903,4.25,110.35
942:2904,4.25,110.45
942:2905,4.25,110.55
942:2906,4.25,110.65
942:2907,4.25,110.75
942:2908,4.25,110.85
942:2909,4.25,110.95
942:2910,4.25,111.05
942:2911,4.25,111.15
942:2912,4.25,111.25
942:2913,4.25,111.35
942:2914,4.25,111.45
942:2915,4.25,111.55
942:2916,4.25,111.65
942:2917,4.25,111.75
942:2918,4.25,111.85
942:2919,4.25,111.95
942:2920,4.25,112.05
942:2921,4.25,112.15
942:2922,4.25,112.25
942:2923,4.25,112.35
942:2924,4.25,112.45
942:2925,4.25,112.55
942:2926,4.25,112.65
942:2927,4.25,112.75
942:2928,4.25,112.85
942:2929,4.25,112.95
942:2930,4.25,113.05
942:2931,4.25,113.15
942:2932,4.25,113.25
942:2933,4.25,113.35
942:2934,4.25,113.45
942:2935,4.25,113.55
942:2936,4.25,113.65
942:2937,4.25,113.75
942:2938,4.25,113.85
942:2975,4.25,117.55
942:2976,4.25,117.65
942:2978,4.25,117.85
942:2981,4.25,118.15
942:2982,4.25,118.25
942:2983,4.25,118.35
942:2984,4.25,118.45
942:2985,4.25,118.55
942:2986,4.25,118.65
942:2987,4.25,118.75
942:2988,4.25,118.85
942:2989,4.25,118.95
942:2990,4.25,119.05
943:2793,4.35,99.35
943:2794,4.35,99.45
943:2795,4.35,99.55
943:2796,4.35,99.65
943:2797,4.35,99.75
943:2798,4.35,99.85
943:2799,4.35,99.95
943:2800,4.35,100.05
943:2801,4.35,100.15
943:2802,4.35,100.25
943:2803,4.35,100.35
943:2804,4.35,100.45
943:2805,4.35,100.55
943:2835,4.35,103.55
943:2836,4.35,103.65
943:2837,4.35,103.75
943:2838,4.35,103.85
943:2839,4.35,103.95
943:2840,4.35,104.05
943:2841,4.35,104.15
943:2842,4.35,104.25
943:2843,4.35,104.35
943:2844,4.35,104.45
943:2845,4.35,104.55
943:2846,4.35,104.65
943:2847,4.35,104.75
943:2848,4.35,104.85
943:2849,4.35,104.95
943:2900,4.35,110.05
943:2901,4.35,110.15
943:2902,4.35,110.25
943:2903,4.35,110.35
943:2904,4.35,110.45
943:2905,4.35,110.55
943:2906,4.35,110.65
943:2907,4.35,110.75
943:2908,4.35,110.85
943:2909,4.35,110.95
943:2910,4.35,111.05
943:2911,4.35,111.15
943:2912,4.35,111.25
943:2913,4.35,111.35
943:2914,4.35,111.45
943:2915,4.35,111.55
943:2916,4.35,111.65
943:2917,4.35,111.75
943:2918,4.35,111.85
943:2919,4.35,111.95
943:2920,4.35,112.05
943:2921,4.35,112.15
943:2922,4.35,112.25
943:2923,4.35,112.35
943:2924,4.35,112.45
943:2925,4.35,112.55
943:2926,4.35,112.65
943:2927,4.35,112.75
943:2928,4.35,112.85
943:2929,4.35,112.95
943:2930,4.35,113.05
943:2931,4.35,113.15
943:2932,4.35,113.25
943:2933,4.35,113.35
943:2934,4.35,113.45
943:2935,4.35,113.55
943:2936,4.35,113.65
943:2937,4.35,113.75
943:2938,4.35,113.85
943:2939,4.35,113.95
943:2976,4.35,117.65
943:2985,4.35,118.55
943:2986,4.35,118.65
943:2987,4.35,118.75
943:2988,4.35,118.85
943:2989,4.35,118.95
943:2990,4.35,119.05
944:2792,4.45,99.25
944:2793,4.45,99.35
944:2794,4.45,99.45
944:2795,4.45,99.55
944:2796,4.45,99.65
944:2797,4.45,99.75
944:2798,4.45,99.85
944:2799,4.45,99.95
944:2800,4.45,100.05
944:2801,4.45,100.15
944:2802,4.45,100.25
944:2803,4.45,100.35
944:2804,4.45,100.45
944:2805,4.45,100.55
944:2834,4.45,103.45
944:2835,4.45,103.55
944:2836,4.45,103.65
944:2837,4.45,103.75
944:2838,4.45,103.85
944:2839,4.45,103.95
944:2840,4.45,104.05
944:2841,4.45,104.15
944:2842,4.45,104.25
944:2843,4.45,104.35
944:2844,4.45,104.45
944:2845,4.45,104.55
944:2846,4.45,104.65
944:2847,4.45,104.75
944:2848,4.45,104.85
944:2849,4.45,104.95
944:2850,4.45,105.05
944:2900,4.45,110.05
944:2901,4.45,110.15
944:2902,4.45,110.25
944:2903,4.45,110.35
944:2904,4.45,110.45
944:2905,4.45,110.55
944:2906,4.45,110.65
944:2907,4.45,110.75
944:2908,4.45,110.85
944:2909,4.45,110.95
944:2910,4.45,111.05
944:2911,4.45,111.15
944:2912,4.45,111.25
944:2913,4.45,111.35
944:2914,4.45,111.45
944:2915,4.45,111.55
944:2916,4.45,111.65
944:2917,4.45,111.75
944:2918,4.45,111.85
944:2919,4.45,111.95
944:2920,4.45,112.05
944:2921,4.45,112.15
944:2922,4.45,112.25
944:2923,4.45,112.35
944:2924,4.45,112.45
944:2925,4.45,112.55
944:2926,4.45,112.65
944:2927,4.45,112.75
944:2928,4.45,112.85
944:2929,4.45,112.95
944:2930,4.45,113.05
944:2931,4.45,113.15
944:2932,4.45,113.25
944:2933,4.45,113.35
944:2934,4.45,113.45
944:2935,4.45,113.55
944:2936,4.45,113.65
944:2937,4.45,113.75
944:2938,4.45,113.85
944:2939,4.45,113.95
944:2986,4.45,118.65
944:2987,4.45,118.75
944:2988,4.45,118.85
944:2989,4.45,118.95
944:2990,4.45,119.05
945:2791,4.55,99.15
945:2792,4.55,99.25
945:2793,4.55,99.35
945:2794,4.55,99.45
945:2795,4.55,99.55
945:2796,4.55,99.65
945:2797,4.55,99.75
945:2798,4.55,99.85
945:2799,4.55,99.95
945:2800,4.55,100.05
945:2801,4.55,100.15
945:2802,4.55,100.25
945:2803,4.55,100.35
945:2804,4.55,100.45
945:2805,4.55,100.55
945:2835,4.55,103.55
945:2836,4.55,103.65
945:2837,4.55,103.75
945:2838,4.55,103.85
945:2839,4.55,103.95
945:2840,4.55,104.05
945:2841,4.55,104.15
945:2842,4.55,104.25
945:2843,4.55,104.35
945:2844,4.55,104.45
945:2845,4.55,104.55
945:2846,4.55,104.65
945:2847,4.55,104.75
945:2848,4.55,104.85
945:2849,4.55,104.95
945:2850,4.55,105.05
945:2851,4.55,105.15
945:2900,4.55,110.05
945:2901,4.55,110.15
945:2902,4.55,110.25
945:2903,4.55,110.35
945:2904,4.55,110.45
945:2905,4.55,110.55
945:2906,4.55,110.65
945:2907,4.55,110.75
945:2908,4.55,110.85
945:2909,4.55,110.95
945:2910,4.55,111.05
945:2911,4.55,111.15
945:2912,4.55,111.25
945:2913,4.55,111.35
945:2914,4.55,111.45
945:2915,4.55,111.55
945:2916,4.55,111.65
945:2917,4.55,111.75
945:2918,4.55,111.85
945:2919,4.55,111.95
945:2920,4.55,112.05
945:2921,4.55,112.15
945:2922,4.55,112.25
945:2923,4.55,112.35
945:2924,4.55,112.45
945:2925,4.55,112.55
945:2926,4.55,112.65
945:2927,4.55,112.75
945:2928,4.55,112.85
945:2929,4.55,112.95
945:2930,4.55,113.05
945:2931,4.55,113.15
945:2932,4.55,113.25
945:2933,4.55,113.35
945:2934,4.55,113.45
945:2935,4.55,113.55
945:2936,4.55,113.65
945:2937,4.55,113.75
945:2938,4.55,113.85
945:2939,4.55,113.95
945:2986,4.55,118.65
945:2987,4.55,118.75
945:2988,4.55,118.85
945:2989,4.55,118.95
946:2790,4.65,99.05
946:2791,4.65,99.15
946:2792,4.65,99.25
946:2793,4.65,99.35
946:2794,4.65,99.45
946:2795,4.65,99.55
946:2796,4.65,99.65
946:2797,4.65,99.75
946:2798,4.65,99.85
946:2799,4.65,99.95
946:2800,4.65,100.05
946:2801,4.65,100.15
946:2802,4.65,100.25
946:2803,4.65,100.35
946:2804,4.65,100.45
946:2805,4.65,100.55
946:2834,4.65,103.45
946:2835,4.65,103.55
946:2836,4.65,103.65
946:2837,4.65,103.75
946:2838,4.65,103.85
946:2839,4.65,103.95
946:2840,4.65,104.05
946:2841,4.65,104.15
946:2842,4.65,104.25
946:2843,4.65,104.35
946:2844,4.65,104.45
946:2845,4.65,104.55
946:2846,4.65,104.65
946:2847,4.65,104.75
946:2848,4.65,104.85
946:2849,4.65,104.95
946:2850,4.65,105.05
946:2851,4.65,105.15
946:2900,4.65,110.05
946:2901,4.65,110.15
946:2902,4.65,110.25
946:2903,4.65,110.35
946:2904,4.65,110.45
946:2905,4.65,110.55
946:2906,4.65,110.65
946:2907,4.65,110.75
946:2908,4.65,110.85
946:2909,4.65,110.95
946:2910,4.65,111.05
946:2911,4.65,111.15
946:2912,4.65,111.25
946:2913,4.65,111.35
946:2914,4.65,111.45
946:2915,4.65,111.55
946:2916,4.65,111.65
946:2917,4.65,111.75
946:2918,4.65,111.85
946:2919,4.65,111.95
946:2920,4.65,112.05
946:2921,4.65,112.15
946:2922,4.65,112.25
946:2923,4.65,112.35
946:2924,4.65,112.45
946:2925,4.65,112.55
946:2926,4.65,112.65
946:2927,4.65,112.75
946:2928,4.65,112.85
946:2929,4.65,112.95
946:2930,4.65,113.05
946:2931,4.65,113.15
946:2932,4.65,113.25
946:2933,4.65,113.35
946:2934,4.65,113.45
946:2935,4.65,113.55
946:2936,4.65,113.65
946:2937,4.65,113.75
946:2938,4.65,113.85
946:2939,4.65,113.95
946:2940,4.65,114.05
946:2986,4.65,118.65
946:2987,4.65,118.75
946:2988,4.65,118.85
946:2989,4.65,118.95
947:2789,4.75,98.95
947:2790,4.75,99.05
947:2791,4.75,99.15
947:2792,4.75,99.25
947:2793,4.75,99.35
947:2794,4.75,99.45
947:2795,4.75,99.55
947:2796,4.75,99.65
947:2797,4.75,99.75
947:2798,4.75,99.85
947:2799,4.75,99.95
947:2800,4.75,100.05
947:2801,4.75,100.15
947:2802,4.75,100.25
947:2803,4.75,100.35
947:2804,4.75,100.45
947:2805,4.75,100.55
947:2834,4.75,103.45
947:2835,4.75,103.55
947:2836,4.75,103.65
947:2837,4.75,103.75
947:2838,4.75,103.85
947:2839,4.75,103.95
947:2840,4.75,104.05
947:2841,4.75,104.15
947:2842,4.75,104.25
947:2843,4.75,104.35
947:2844,4.75,104.45
947:2845,4.75,104.55
947:2846,4.75,104.65
947:2847,4.75,104.75
947:2848,4.75,104.85
947:2849,4.75,104.95
947:2850,4.75,105.05
947:2851,4.75,105.15
947:2852,4.75,105.25
947:2900,4.75,110.05
947:2901,4.75,110.15
947:2902,4.75,110.25
947:2903,4.75,110.35
947:2904,4.75,110.45
947:2905,4.75,110.55
947:2906,4.75,110.65
947:2907,4.75,110.75
947:2908,4.75,110.85
947:2909,4.75,110.95
947:2910,4.75,111.05
947:2911,4.75,111.15
947:2912,4.75,111.25
947:2913,4.75,111.35
947:2914,4.75,111.45
947:2915,4.75,111.55
947:2916,4.75,111.65
947:2917,4.75,111.75
947:2918,4.75,111.85
947:2919,4.75,111.95
947:2920,4.75,112.05
947:2921,4.75,112.15
947:2922,4.75,112.25
947:2923,4.75,112.35
947:2924,4.75,112.45
947:2925,4.75,112.55
947:2926,4.75,112.65
947:2927,4.75,112.75
947:2928,4.75,112.85
947:2929,4.75,112.95
947:2930,4.75,113.05
947:2931,4.75,113.15
947:2932,4.75,113.25
947:2933,4.75,113.35
947:2934,4.75,113.45
947:2935,4.75,113.55
947:2936,4.75,113.65
947:2937,4.75,113.75
947:2938,4.75,113.85
947:2939,4.75,113.95
947:2940,4.75,114.05
947:2982,4.75,118.25
947:2983,4.75,118.35
947:2984,4.75,118.45
947:2985,4.75,118.55
947:2986,4.75,118.65
947:2987,4.75,118.75
947:2988,4.75,118.85
947:2989,4.75,118.95
948:2788,4.85,98.85
948:2789,4.85,98.95
948:2790,4.85,99.05
948:2791,4.85,99.15
948:2792,4.85,99.25
948:2793,4.85,99.35
948:2794,4.85,99.45
948:2795,4.85,99.55
948:2796,4.85,99.65
948:2797,4.85,99.75
948:2798,4.85,99.85
948:2799,4.85,99.95
948:2800,4.85,100.05
948:2801,4.85,100.15
948:2802,4.85,100.25
948:2803,4.85,100.35
948:2804,4.85,100.45
948:2805,4.85,100.55
948:2834,4.85,103.45
948:2835,4.85,103.55
948:2836,4.85,103.65
948:2837,4.85,103.75
948:2838,4.85,103.85
948:2839,4.85,103.95
948:2840,4.85,104.05
948:2841,4.85,104.15
948:2842,4.85,104.25
948:2843,4.85,104.35
948:2844,4.85,104.45
948:2845,4.85,104.55
948:2846,4.85,104.65
948:2847,4.85,104.75
948:2848,4.85,104.85
948:2849,4.85,104.95
948:2850,4.85,105.05
948:2851,4.85,105.15
948:2852,4.85,105.25
948:2900,4.85,110.05
948:2901,4.85,110.15
948:2902,4.85,110.25
948:2903,4.85,110.35
948:2904,4.85,110.45
948:2905,4.85,110.55
948:2906,4.85,110.65
948:2907,4.85,110.75
948:2908,4.85,110.85
948:2909,4.85,110.95
948:2910,4.85,111.05
948:2911,4.85,111.15
948:2912,4.85,111.25
948:2913,4.85,111.35
948:2914,4.85,111.45
948:2915,4.85,111.55
948:2916,4.85,111.65
948:2917,4.85,111.75
948:2918,4.85,111.85
948:2919,4.85,111.95
948:2920,4.85,112.05
948:2921,4.85,112.15
948:2922,4.85,112.25
948:2923,4.85,112.35
948:2924,4.85,112.45
948:2925,4.85,112.55
948:2926,4.85,112.65
948:2927,4.85,112.75
948:2928,4.85,112.85
948:2929,4.85,112.95
948:2930,4.85,113.05
948:2931,4.85,113.15
948:2932,4.85,113.25
948:2933,4.85,113.35
948:2934,4.85,113.45
948:2935,4.85,113.55
948:2936,4.85,113.65
948:2937,4.85,113.75
948:2938,4.85,113.85
948:2950,4.85,115.05
948:2981,4.85,118.15
948:2982,4.85,118.25
948:2983,4.85,118.35
948:2984,4.85,118.45
948:2985,4.85,118.55
948:2986,4.85,118.65
948:2987,4.85,118.75
948:2988,4.85,118.85
948:2989,4.85,118.95
948:2990,4.85,119.05
949:2787,4.95,98.75
949:2788,4.95,98.85
949:2789,4.95,98.95
949:2790,4.95,99.05
949:2791,4.95,99.15
949:2792,4.95,99.25
949:2793,4.95,99.35
949:2794,4.95,99.45
949:2795,4.95,99.55
949:2796,4.95,99.65
949:2797,4.95,99.75
949:2798,4.95,99.85
949:2799,4.95,99.95
949:2800,4.95,100.05
949:2801,4.95,100.15
949:2802,4.95,100.25
949:2803,4.95,100.35
949:2833,4.95,103.35
949:2834,4.95,103.45
949:2835,4.95,103.55
949:2836,4.95,103.65
949:2837,4.95,103.75
949:2838,4.95,103.85
949:2839,4.95,103.95
949:2840,4.95,104.05
949:2841,4.95,104.15
949:2842,4.95,104.25
949:2843,4.95,104.35
949:2844,4.95,104.45
949:2845,4.95,104.55
949:2846,4.95,104.65
949:2847,4.95,104.75
949:2848,4.95,104.85
949:2849,4.95,104.95
949:2850,4.95,105.05
949:2851,4.95,105.15
949:2852,4.95,105.25
949:2853,4.95,105.35
949:2900,4.95,110.05
949:2901,4.95,110.15
949:2902,4.95,110.25
949:2903,4.95,110.35
949:2904,4.95,110.45
949:2905,4.95,110.55
949:2906,4.95,110.65
949:2907,4.95,110.75
949:2908,4.95,110.85
949:2909,4.95,110.95
949:2910,4.95,111.05
949:2911,4.95,111.15
949:2912,4.95,111.25
949:2913,4.95,111.35
949:2914,4.95,111.45
949:2915,4.95,111.55
949:2916,4.95,111.65
949:2917,4.95,111.75
949:2918,4.95,111.85
949:2919,4.95,111.95
949:2920,4.95,112.05
949:2921,4.95,112.15
949:2922,4.95,112.25
949:2923,4.95,112.35
949:2924,4.95,112.45
949:2925,4.95,112.55
949:2926,4.95,112.65
949:2927,4.95,112.75
949:2928,4.95,112.85
949:2929,4.95,112.95
949:2930,4.95,113.05
949:2931,4.95,113.15
949:2932,4.95,113.25
949:2933,4.95,113.35
949:2934,4.95,113.45
949:2935,4.95,113.55
949:2936,4.95,113.65
949:2937,4.95,113.75
949:2951,4.95,115.15
949:2952,4.95,115.25
949:2953,4.95,115.35
949:2982,4.95,118.25
949:2983,4.95,118.35
949:2984,4.95,118.45
949:2985,4.95,118.55
949:2987,4.95,118.75
949:2988,4.95,118.85
949:2989,4.95,118.95
949:2990,4.95,119.05
949:2991,4.95,119.15
950:2786,5.05,98.65
950:2787,5.05,98.75
950:2788,5.05,98.85
950:2789,5.05,98.95
950:2790,5.05,99.05
950:2791,5.05,99.15
950:2792,5.05,99.25
950:2793,5.05,99.35
950:2794,5.05,99.45
950:2795,5.05,99.55
950:2796,5.05,99.65
950:2797,5.05,99.75
950:2798,5.05,99.85
950:2799,5.05,99.95
950:2800,5.05,100.05
950:2801,5.05,100.15
950:2802,5.05,100.25
950:2803,5.05,100.35
950:2833,5.05,103.35
950:2834,5.05,103.45
950:2835,5.05,103.55
950:2836,5.05,103.65
950:2837,5.05,103.75
950:2838,5.05,103.85
950:2839,5.05,103.95
950:2840,5.05,104.05
950:2841,5.05,104.15
950:2842,5.05,104.25
950:2843,5.05,104.35
950:2844,5.05,104.45
950:2845,5.05,104.55
950:2846,5.05,104.65
950:2847,5.05,104.75
950:2848,5.05,104.85
950:2849,5.05,104.95
950:2850,5.05,105.05
950:2851,5.05,105.15
950:2852,5.05,105.25
950:2853,5.05,105.35
950:2854,5.05,105.45
950:2900,5.05,110.05
950:2901,5.05,110.15
950:2902,5.05,110.25
950:2903,5.05,110.35
950:2904,5.05,110.45
950:2905,5.05,110.55
950:2906,5.05,110.65
950:2907,5.05,110.75
950:2908,5.05,110.85
950:2909,5.05,110.95
950:2910,5.05,111.05
950:2911,5.05,111.15
950:2912,5.05,111.25
950:2913,5.05,111.35
950:2914,5.05,111.45
950:2915,5.05,111.55
950:2916,5.05,111.65
950:2917,5.05,111.75
950:2918,5.05,111.85
950:2919,5.05,111.95
950:2920,5.05,112.05
950:2921,5.05,112.15
950:2922,5.05,112.25
950:2923,5.05,112.35
950:2924,5.05,112.45
950:2925,5.05,112.55
950:2926,5.05,112.65
950:2927,5.05,112.75
950:2928,5.05,112.85
950:2929,5.05,112.95
950:2930,5.05,113.05
950:2931,5.05,113.15
950:2932,5.05,113.25
950:2933,5.05,113.35
950:2934,5.05,113.45
950:2935,5.05,113.55
950:2936,5.05,113.65
950:2952,5.05,115.25
950:2953,5.05,115.35
950:2954,5.05,115.45
950:2990,5.05,119.05
950:2991,5.05,119.15
950:2992,5.05,119.25
951:2785,5.15,98.55
951:2786,5.15,98.65
951:2787,5.15,98.75
951:2788,5.15,98.85
951:2789,5.15,98.95
951:2790,5.15,99.05
951:2791,5.15,99.15
951:2792,5.15,99.25
951:2793,5.15,99.35
951:2794,5.15,99.45
951:2795,5.15,99.55
951:2796,5.15,99.65
951:2797,5.15,99.75
951:2798,5.15,99.85
951:2799,5.15,99.95
951:2800,5.15,100.05
951:2801,5.15,100.15
951:2802,5.15,100.25
951:2803,5.15,100.35
951:2832,5.15,103.25
951:2833,5.15,103.35
951:2834,5.15,103.45
951:2835,5.15,103.55
951:2836,5.15,103.65
951:2837,5.15,103.75
951:2838,5.15,103.85
951:2839,5.15,103.95
951:2840,5.15,104.05
951:2841,5.15,104.15
951:2842,5.15,104.25
951:2843,5.15,104.35
951:2844,5.15,104.45
951:2845,5.15,104.55
951:2846,5.15,104.65
951:2847,5.15,104.75
951:2848,5.15,104.85
951:2849,5.15,104.95
951:2850,5.15,105.05
951:2851,5.15,105.15
951:2852,5.15,105.25
951:2853,5.15,105.35
951:2854,5.15,105.45
951:2900,5.15,110.05
951:2901,5.15,110.15
951:2902,5.15,110.25
951:2903,5.15,110.35
951:2904,5.15,110.45
951:2905,5.15,110.55
951:2906,5.15,110.65
951:2907,5.15,110.75
951:2908,5.15,110.85
951:2909,5.15,110.95
951:2910,5.15,111.05
951:2911,5.15,111.15
951:2912,5.15,111.25
951:2913,5.15,111.35
951:2914,5.15,111.45
951:2915,5.15,111.55
951:2916,5.15,111.65
951:2917,5.15,111.75
951:2918,5.15,111.85
951:2919,5.15,111.95
951:2920,5.15,112.05
951:2921,5.15,112.15
951:2922,5.15,112.25
951:2923,5.15,112.35
951:2924,5.15,112.45
951:2925,5.15,112.55
951:2926,5.15,112.65
951:2927,5.15,112.75
951:2928,5.15,112.85
951:2929,5.15,112.95
951:2930,5.15,113.05
951:2931,5.15,113.15
951:2932,5.15,113.25
951:2933,5.15,113.35
951:2934,5.15,113.45
951:2935,5.15,113.55
951:2951,5.15,115.15
951:2952,5.15,115.25
951:2953,5.15,115.35
951:2954,5.15,115.45
951:2955,5.15,115.55
951:2992,5.15,119.25
951:2993,5.15,119.35
952:2784,5.25,98.45
952:2785,5.25,98.55
952:2786,5.25,98.65
952:2787,5.25,98.75
952:2788,5.25,98.85
952:2789,5.25,98.95
952:2790,5.25,99.05
952:2791,5.25,99.15
952:2792,5.25,99.25
952:2793,5.25,99.35
952:2794,5.25,99.45
952:2795,5.25,99.55
952:2796,5.25,99.65
952:2797,5.25,99.75
952:2798,5.25,99.85
952:2799,5.25,99.95
952:2800,5.25,100.05
952:2801,5.25,100.15
952:2802,5.25,100.25
952:2803,5.25,100.35
952:2832,5.25,103.25
952:2833,5.25,103.35
952:2834,5.25,103.45
952:2835,5.25,103.55
952:2836,5.25,103.65
952:2837,5.25,103.75
952:2838,5.25,103.85
952:2839,5.25,103.95
952:2840,5.25,104.05
952:2841,5.25,104.15
952:2842,5.25,104.25
952:2843,5.25,104.35
952:2844,5.25,104.45
952:2845,5.25,104.55
952:2846,5.25,104.65
952:2847,5.25,104.75
952:2848,5.25,104.85
952:2849,5.25,104.95
952:2850,5.25,105.05
952:2851,5.25,105.15
952:2852,5.25,105.25
952:2853,5.25,105.35
952:2854,5.25,105.45
952:2855,5.25,105.55
952:2900,5.25,110.05
952:2901,5.25,110.15
952:2902,5.25,110.25
952:2903,5.25,110.35
952:2904,5.25,110.45
952:2905,5.25,110.55
952:2906,5.25,110.65
952:2907,5.25,110.75
952:2908,5.25,110.85
952:2909,5.25,110.95
952:2910,5.25,111.05
952:2911,5.25,111.15
952:2912,5.25,111.25
952:2913,5.25,111.35
952:2914,5.25,111.45
952:2915,5.25,111.55
952:2916,5.25,111.65
952:2917,5.25,111.75
952:2918,5.25,111.85
952:2919,5.25,111.95
952:2920,5.25,112.05
952:2921,5.25,112.15
952:2922,5.25,112.25
952:2923,5.25,112.35
952:2924,5.25,112.45
952:2925,5.25,112.55
952:2926,5.25,112.65
952:2927,5.25,112.75
952:2928,5.25,112.85
952:2929,5.25,112.95
952:2930,5.25,113.05
952:2931,5.25,113.15
952:2932,5.25,113.25
952:2933,5.25,113.35
952:2934,5.25,113.45
952:2950,5.25,115.05
952:2951,5.25,115.15
952:2952,5.25,115.25
952:2953,5.25,115.35
952:2993,5.25,119.35
952:2994,5.25,119.45
953:2784,5.35,98.45
953:2785,5.35,98.55
953:2786,5.35,98.65
953:2787,5.35,98.75
953:2788,5.35,98.85
953:2789,5.35,98.95
953:2790,5.35,99.05
953:2791,5.35,99.15
953:2792,5.35,99.25
953:2793,5.35,99.35
953:2794,5.35,99.45
953:2795,5.35,99.55
953:2796,5.35,99.65
953:2797,5.35,99.75
953:2798,5.35,99.85
953:2799,5.35,99.95
953:2800,5.35,100.05
953:2801,5.35,100.15
953:2803,5.35,100.35
953:2831,5.35,103.15
953:2832,5.35,103.25
953:2833,5.35,103.35
953:2834,5.35,103.45
953:2835,5.35,103.55
953:2836,5.35,103.65
953:2837,5.35,103.75
953:2838,5.35,103.85
953:2839,5.35,103.95
953:2840,5.35,104.05
953:2841,5.35,104.15
953:2842,5.35,104.25
953:2843,5.35,104.35
953:2844,5.35,104.45
953:2845,5.35,104.55
953:2846,5.35,104.65
953:2847,5.35,104.75
953:2848,5.35,104.85
953:2849,5.35,104.95
953:2850,5.35,105.05
953:2851,5.35,105.15
953:2852,5.35,105.25
953:2853,5.35,105.35
953:2854,5.35,105.45
953:2855,5.35,105.55
953:2900,5.35,110.05
953:2901,5.35,110.15
953:2902,5.35,110.25
953:2903,5.35,110.35
953:2904,5.35,110.45
953:2905,5.35,110.55
953:2906,5.35,110.65
953:2907,5.35,110.75
953:2908,5.35,110.85
953:2909,5.35,110.95
953:2910,5.35,111.05
953:2911,5.35,111.15
953:2912,5.35,111.25
953:2913,5.35,111.35
953:2914,5.35,111.45
953:2915,5.35,111.55
953:2916,5.35,111.65
953:2917,5.35,111.75
953:2918,5.35,111.85
953:2919,5.35,111.95
953:2920,5.35,112.05
953:2921,5.35,112.15
953:2922,5.35,112.25
953:2923,5.35,112.35
953:2924,5.35,112.45
953:2925,5.35,112.55
953:2926,5.35,112.65
953:2927,5.35,112.75
953:2928,5.35,112.85
953:2929,5.35,112.95
953:2930,5.35,113.05
953:2931,5.35,113.15
953:2932,5.35,113.25
953:2933,5.35,113.35
953:2948,5.35,114.85
953:2949,5.35,114.95
953:2950,5.35,115.05
953:2951,5.35,115.15
953:2952,5.35,115.25
953:2953,5.35,115.35
953:2993,5.35,119.35
953:2994,5.35,119.45
954:2783,5.45,98.35
954:2784,5.45,98.45
954:2785,5.45,98.55
954:2786,5.45,98.65
954:2787,5.45,98.75
954:2788,5.45,98.85
954:2789,5.45,98.95
954:2790,5.45,99.05
954:2791,5.45,99.15
954:2792,5.45,99.25
954:2793,5.45,99.35
954:2794,5.45,99.45
954:2795,5.45,99.55
954:2796,5.45,99.65
954:2797,5.45,99.75
954:2798,5.45,99.85
954:2799,5.45,99.95
954:2800,5.45,100.05
954:2801,5.45,100.15
954:2803,5.45,100.35
954:2830,5.45,103.05
954:2831,5.45,103.15
954:2832,5.45,103.25
954:2833,5.45,103.35
954:2834,5.45,103.45
954:2835,5.45,103.55
954:2836,5.45,103.65
954:2837,5.45,103.75
954:2838,5.45,103.85
954:2839,5.45,103.95
954:2840,5.45,104.05
954:2841,5.45,104.15
954:2842,5.45,104.25
954:2843,5.45,104.35
954:2844,5.45,104.45
954:2845,5.45,104.55
954:2846,5.45,104.65
954:2847,5.45,104.75
954:2848,5.45,104.85
954:2849,5.45,104.95
954:2850,5.45,105.05
954:2851,5.45,105.15
954:2852,5.45,105.25
954:2853,5.45,105.35
954:2854,5.45,105.45
954:2855,5.45,105.55
954:2856,5.45,105.65
954:2900,5.45,110.05
954:2901,5.45,110.15
954:2902,5.45,110.25
954:2903,5.45,110.35
954:2904,5.45,110.45
954:2905,5.45,110.55
954:2906,5.45,110.65
954:2907,5.45,110.75
954:2908,5.45,110.85
954:2909,5.45,110.95
954:2910,5.45,111.05
954:2911,5.45,111.15
954:2912,5.45,111.25
954:2913,5.45,111.35
954:2914,5.45,111.45
954:2915,5.45,111.55
954:2916,5.45,111.65
954:2917,5.45,111.75
954:2918,5.45,111.85
954:2919,5.45,111.95
954:2920,5.45,112.05
954:2921,5.45,112.15
954:2922,5.45,112.25
954:2923,5.45,112.35
954:2924,5.45,112.45
954:2925,5.45,112.55
954:2926,5.45,112.65
954:2927,5.45,112.75
954:2928,5.45,112.85
954:2929,5.45,112.95
954:2930,5.45,113.05
954:2931,5.45,113.15
954:2932,5.45,113.25
954:2947,5.45,114.75
954:2948,5.45,114.85
954:2949,5.45,114.95
954:2950,5.45,115.05
954:2951,5.45,115.15
954:2952,5.45,115.25
954:2953,5.45,115.35
954:2989,5.45,118.95
954:2990,5.45,119.05
954:2992,5.45,119.25
954:2993,5.45,119.35
954:2994,5.45,119.45
955:2782,5.55,98.25
955:2783,5.55,98.35
955:2784,5.55,98.45
955:2785,5.55,98.55
955:2786,5.55,98.65
955:2787,5.55,98.75
955:2788,5.55,98.85
955:2789,5.55,98.95
955:2790,5.55,99.05
955:2791,5.55,99.15
955:2792,5.55,99.25
955:2793,5.55,99.35
955:2794,5.55,99.45
955:2795,5.55,99.55
955:2796,5.55,99.65
955:2797,5.55,99.75
955:2798,5.55,99.85
955:2799,5.55,99.95
955:2800,5.55,100.05
955:2801,5.55,100.15
955:2802,5.55,100.25
955:2803,5.55,100.35
955:2829,5.55,102.95
955:2830,5.55,103.05
955:2831,5.55,103.15
955:2832,5.55,103.25
955:2833,5.55,103.35
955:2834,5.55,103.45
955:2835,5.55,103.55
955:2836,5.55,103.65
955:2837,5.55,103.75
955:2838,5.55,103.85
955:2839,5.55,103.95
955:2840,5.55,104.05
955:2841,5.55,104.15
955:2842,5.55,104.25
955:2843,5.55,104.35
955:2844,5.55,104.45
955:2845,5.55,104.55
955:2846,5.55,104.65
955:2847,5.55,104.75
955:2848,5.55,104.85
955:2849,5.55,104.95
955:2850,5.55,105.05
955:2851,5.55,105.15
955:2852,5.55,105.25
955:2853,5.55,105.35
955:2854,5.55,105.45
955:2855,5.55,105.55
955:2856,5.55,105.65
955:2900,5.55,110.05
955:2901,5.55,110.15
955:2902,5.55,110.25
955:2903,5.55,110.35
955:2904,5.55,110.45
955:2905,5.55,110.55
955:2906,5.55,110.65
955:2907,5.55,110.75
955:2908,5.55,110.85
955:2909,5.55,110.95
955:2910,5.55,111.05
955:2911,5.55,111.15
955:2912,5.55,111.25
955:2913,5.55,111.35
955:2914,5.55,111.45
955:2915,5.55,111.55
955:2916,5.55,111.65
955:2917,5.55,111.75
955:2918,5.55,111.85
955:2919,5.55,111.95
955:2920,5.55,112.05
955:2921,5.55,112.15
955:2922,5.55,112.25
955:2923,5.55,112.35
955:2924,5.55,112.45
955:2925,5.55,112.55
955:2926,5.55,112.65
955:2927,5.55,112.75
955:2928,5.55,112.85
955:2929,5.55,112.95
955:2930,5.55,113.05
955:2931,5.55,113.15
955:2946,5.55,114.65
955:2947,5.55,114.75
955:2948,5.55,114.85
955:2949,5.55,114.95
955:2950,5.55,115.05
955:2951,5.55,115.15
955:2952,5.55,115.25
955:2953,5.55,115.35
955:2954,5.55,115.45
955:2955,5.55,115.55
955:2956,5.55,115.65
955:2957,5.55,115.75
955:2985,5.55,118.55
955:2987,5.55,118.75
955:2988,5.55,118.85
955:2989,5.55,118.95
955:2990,5.55,119.05
955:2991,5.55,119.15
955:2992,5.55,119.25
955:2993,5.55,119.35
956:2782,5.65,98.25
956:2783,5.65,98.35
956:2784,5.65,98.45
956:2785,5.65,98.55
956:2786,5.65,98.65
956:2787,5.65,98.75
956:2788,5.65,98.85
956:2789,5.65,98.95
956:2790,5.65,99.05
956:2791,5.65,99.15
956:2792,5.65,99.25
956:2793,5.65,99.35
956:2794,5.65,99.45
956:2795,5.65,99.55
956:2796,5.65,99.65
956:2797,5.65,99.75
956:2798,5.65,99.85
956:2799,5.65,99.95
956:2800,5.65,100.05
956:2801,5.65,100.15
956:2802,5.65,100.25
956:2828,5.65,102.85
956:2829,5.65,102.95
956:2830,5.65,103.05
956:2831,5.65,103.15
956:2832,5.65,103.25
956:2833,5.65,103.35
956:2834,5.65,103.45
956:2835,5.65,103.55
956:2836,5.65,103.65
956:2837,5.65,103.75
956:2838,5.65,103.85
956:2839,5.65,103.95
956:2840,5.65,104.05
956:2841,5.65,104.15
956:2842,5.65,104.25
956:2843,5.65,104.35
956:2844,5.65,104.45
956:2845,5.65,104.55
956:2846,5.65,104.65
956:2847,5.65,104.75
956:2848,5.65,104.85
956:2849,5.65,104.95
956:2850,5.65,105.05
956:2851,5.65,105.15
956:2852,5.65,105.25
956:2853,5.65,105.35
956:2854,5.65,105.45
956:2855,5.65,105.55
956:2856,5.65,105.65
956:2857,5.65,105.75
956:2899,5.65,109.95
956:2900,5.65,110.05
956:2901,5.65,110.15
956:2902,5.65,110.25
956:2903,5.65,110.35
956:2904,5.65,110.45
956:2905,5.65,110.55
956:2906,5.65,110.65
956:2907,5.65,110.75
956:2908,5.65,110.85
956:2909,5.65,110.95
956:2910,5.65,111.05
956:2911,5.65,111.15
956:2912,5.65,111.25
956:2913,5.65,111.35
956:2914,5.65,111.45
956:2915,5.65,111.55
956:2916,5.65,111.65
956:2917,5.65,111.75
956:2918,5.65,111.85
956:2919,5.65,111.95
956:2920,5.65,112.05
956:2921,5.65,112.15
956:2922,5.65,112.25
956:2923,5.65,112.35
956:2924,5.65,112.45
956:2925,5.65,112.55
956:2926,5.65,112.65
956:2927,5.65,112.75
956:2928,5.65,112.85
956:2929,5.65,112.95
956:2930,5.65,113.05
956:2945,5.65,114.55
956:2946,5.65,114.65
956:2947,5.65,114.75
956:2948,5.65,114.85
956:2949,5.65,114.95
956:2950,5.65,115.05
956:2951,5.65,115.15
956:2952,5.65,115.25
956:2953,5.65,115.35
956:2954,5.65,115.45
956:2955,5.65,115.55
956:2956,5.65,115.65
956:2957,5.65,115.75
956:2958,5.65,115.85
956:2986,5.65,118.65
956:2987,5.65,118.75
956:2988,5.65,118.85
956:2989,5.65,118.95
956:2990,5.65,119.05
956:2991,5.65,119.15
956:2992,5.65,119.25
957:2781,5.75,98.15
957:2782,5.75,98.25
957:2783,5.75,98.35
957:2784,5.75,98.45
957:2785,5.75,98.55
957:2786,5.75,98.65
957:2787,5.75,98.75
957:2788,5.75,98.85
957:2789,5.75,98.95
957:2790,5.75,99.05
957:2791,5.75,99.15
957:2792,5.75,99.25
957:2793,5.75,99.35
957:2794,5.75,99.45
957:2795,5.75,99.55
957:2796,5.75,99.65
957:2797,5.75,99.75
957:2798,5.75,99.85
957:2799,5.75,99.95
957:2800,5.75,100.05
957:2801,5.75,100.15
957:2802,5.75,100.25
957:2803,5.75,100.35
957:2827,5.75,102.75
957:2828,5.75,102.85
957:2829,5.75,102.95
957:2830,5.75,103.05
957:2831,5.75,103.15
957:2832,5.75,103.25
957:2833,5.75,103.35
957:2834,5.75,103.45
957:2835,5.75,103.55
957:2836,5.75,103.65
957:2837,5.75,103.75
957:2838,5.75,103.85
957:2839,5.75,103.95
957:2840,5.75,104.05
957:2841,5.75,104.15
957:2842,5.75,104.25
957:2843,5.75,104.35
957:2844,5.75,104.45
957:2845,5.75,104.55
957:2846,5.75,104.65
957:2847,5.75,104.75
957:2848,5.75,104.85
957:2849,5.75,104.95
957:2850,5.75,105.05
957:2851,5.75,105.15
957:2852,5.75,105.25
957:2853,5.75,105.35
957:2854,5.75,105.45
957:2855,5.75,105.55
957:2856,5.75,105.65
957:2857,5.75,105.75
957:2899,5.75,109.95
957:2900,5.75,110.05
957:2901,5.75,110.15
957:2902,5.75,110.25
957:2903,5.75,110.35
957:2904,5.75,110.45
957:2905,5.75,110.55
957:2906,5.75,110.65
957:2907,5.75,110.75
957:2908,5.75,110.85
957:2909,5.75,110.95
957:2910,5.75,111.05
957:2911,5.75,111.15
957:2912,5.75,111.25
957:2913,5.75,111.35
957:2914,5.75,111.45
957:2915,5.75,111.55
957:2916,5.75,111.65
957:2917,5.75,111.75
957:2918,5.75,111.85
957:2919,5.75,111.95
957:2920,5.75,112.05
957:2921,5.75,112.15
957:2922,5.75,112.25
957:2923,5.75,112.35
957:2924,5.75,112.45
957:2925,5.75,112.55
957:2926,5.75,112.65
957:2927,5.75,112.75
957:2928,5.75,112.85
957:2929,5.75,112.95
957:2944,5.75,114.45
957:2945,5.75,114.55
957:2946,5.75,114.65
957:2947,5.75,114.75
957:2948,5.75,114.85
957:2949,5.75,114.95
957:2950,5.75,115.05
957:2951,5.75,115.15
957:2952,5.75,115.25
957:2953,5.75,115.35
957:2954,5.75,115.45
957:2955,5.75,115.55
957:2956,5.75,115.65
957:2957,5.75,115.75
957:2958,5.75,115.85
957:2979,5.75,117.95
957:2980,5.75,118.05
957:2981,5.75,118.15
957:2985,5.75,118.55
957:2986,5.75,118.65
957:2987,5.75,118.75
957:2988,5.75,118.85
957:2989,5.75,118.95
958:2781,5.85,98.15
958:2782,5.85,98.25
958:2783,5.85,98.35
958:2784,5.85,98.45
958:2785,5.85,98.55
958:2786,5.85,98.65
958:2787,5.85,98.75
958:2788,5.85,98.85
958:2789,5.85,98.95
958:2790,5.85,99.05
958:2791,5.85,99.15
958:2792,5.85,99.25
958:2793,5.85,99.35
958:2794,5.85,99.45
958:2795,5.85,99.55
958:2796,5.85,99.65
958:2797,5.85,99.75
958:2798,5.85,99.85
958:2799,5.85,99.95
958:2800,5.85,100.05
958:2801,5.85,100.15
958:2802,5.85,100.25
958:2803,5.85,100.35
958:2825,5.85,102.55
958:2826,5.85,102.65
958:2827,5.85,102.75
958:2828,5.85,102.85
958:2829,5.85,102.95
958:2830,5.85,103.05
958:2831,5.85,103.15
958:2832,5.85,103.25
958:2833,5.85,103.35
958:2834,5.85,103.45
958:2835,5.85,103.55
958:2836,5.85,103.65
958:2837,5.85,103.75
958:2838,5.85,103.85
958:2839,5.85,103.95
958:2840,5.85,104.05
958:2841,5.85,104.15
958:2842,5.85,104.25
958:2843,5.85,104.35
958:2844,5.85,104.45
958:2845,5.85,104.55
958:2846,5.85,104.65
958:2847,5.85,104.75
958:2848,5.85,104.85
958:2849,5.85,104.95
958:2850,5.85,105.05
958:2851,5.85,105.15
958:2852,5.85,105.25
958:2853,5.85,105.35
958:2854,5.85,105.45
958:2855,5.85,105.55
958:2856,5.85,105.65
958:2857,5.85,105.75
958:2898,5.85,109.85
958:2899,5.85,109.95
958:2900,5.85,110.05
958:2901,5.85,110.15
958:2902,5.85,110.25
958:2903,5.85,110.35
958:2904,5.85,110.45
958:2905,5.85,110.55
958:2906,5.85,110.65
958:2907,5.85,110.75
958:2908,5.85,110.85
958:2909,5.85,110.95
958:2910,5.85,111.05
958:2911,5.85,111.15
958:2912,5.85,111.25
958:2913,5.85,111.35
958:2914,5.85,111.45
958:2915,5.85,111.55
958:2916,5.85,111.65
958:2917,5.85,111.75
958:2918,5.85,111.85
958:2919,5.85,111.95
958:2920,5.85,112.05
958:2921,5.85,112.15
958:2922,5.85,112.25
958:2923,5.85,112.35
958:2924,5.85,112.45
958:2925,5.85,112.55
958:2926,5.85,112.65
958:2927,5.85,112.75
958:2928,5.85,112.85
958:2943,5.85,114.35
958:2944,5.85,114.45
958:2945,5.85,114.55
958:2946,5.85,114.65
958:2947,5.85,114.75
958:2948,5.85,114.85
958:2949,5.85,114.95
958:2950,5.85,115.05
958:2951,5.85,115.15
958:2952,5.85,115.25
958:2953,5.85,115.35
958:2954,5.85,115.45
958:2955,5.85,115.55
958:2956,5.85,115.65
958:2957,5.85,115.75
958:2958,5.85,115.85
958:2959,5.85,115.95
958:2981,5.85,118.15
958:2982,5.85,118.25
958:2983,5.85,118.35
958:2984,5.85,118.45
958:2985,5.85,118.55
958:2986,5.85,118.65
958:2987,5.85,118.75
959:2780,5.95,98.05
959:2781,5.95,98.15
959:2782,5.95,98.25
959:2783,5.95,98.35
959:2784,5.95,98.45
959:2785,5.95,98.55
959:2786,5.95,98.65
959:2787,5.95,98.75
959:2788,5.95,98.85
959:2789,5.95,98.95
959:2790,5.95,99.05
959:2791,5.95,99.15
959:2792,5.95,99.25
959:2793,5.95,99.35
959:2794,5.95,99.45
959:2795,5.95,99.55
959:2796,5.95,99.65
959:2797,5.95,99.75
959:2798,5.95,99.85
959:2799,5.95,99.95
959:2800,5.95,100.05
959:2801,5.95,100.15
959:2802,5.95,100.25
959:2803,5.95,100.35
959:2825,5.95,102.55
959:2826,5.95,102.65
959:2827,5.95,102.75
959:2828,5.95,102.85
959:2829,5.95,102.95
959:2830,5.95,103.05
959:2831,5.95,103.15
959:2832,5.95,103.25
959:2833,5.95,103.35
959:2834,5.95,103.45
959:2835,5.95,103.55
959:2836,5.95,103.65
959:2837,5.95,103.75
959:2838,5.95,103.85
959:2839,5.95,103.95
959:2840,5.95,104.05
959:2841,5.95,104.15
959:2842,5.95,104.25
959:2843,5.95,104.35
959:2844,5.95,104.45
959:2845,5.95,104.55
959:2846,5.95,104.65
959:2847,5.95,104.75
959:2848,5.95,104.85
959:2849,5.95,104.95
959:2850,5.95,105.05
959:2851,5.95,105.15
959:2852,5.95,105.25
959:2853,5.95,105.35
959:2854,5.95,105.45
959:2855,5.95,105.55
959:2856,5.95,105.65
959:2857,5.95,105.75
959:2898,5.95,109.85
959:2899,5.95,109.95
959:2900,5.95,110.05
959:2901,5.95,110.15
959:2902,5.95,110.25
959:2903,5.95,110.35
959:2904,5.95,110.45
959:2905,5.95,110.55
959:2906,5.95,110.65
959:2907,5.95,110.75
959:2908,5.95,110.85
959:2909,5.95,110.95
959:2910,5.95,111.05
959:2911,5.95,111.15
959:2912,5.95,111.25
959:2913,5.95,111.35
959:2914,5.95,111.45
959:2915,5.95,111.55
959:2916,5.95,111.65
959:2917,5.95,111.75
959:2918,5.95,111.85
959:2919,5.95,111.95
959:2920,5.95,112.05
959:2921,5.95,112.15
959:2922,5.95,112.25
959:2923,5.95,112.35
959:2924,5.95,112.45
959:2925,5.95,112.55
959:2926,5.95,112.65
959:2927,5.95,112.75
959:2942,5.95,114.25
959:2943,5.95,114.35
959:2944,5.95,114.45
959:2945,5.95,114.55
959:2946,5.95,114.65
959:2947,5.95,114.75
959:2948,5.95,114.85
959:2949,5.95,114.95
959:2950,5.95,115.05
959:2951,5.95,115.15
959:2952,5.95,115.25
959:2953,5.95,115.35
959:2954,5.95,115.45
959:2955,5.95,115.55
959:2956,5.95,115.65
959:2957,5.95,115.75
959:2958,5.95,115.85
959:2959,5.95,115.95
959:2977,5.95,117.75
959:2978,5.95,117.85
959:2981,5.95,118.15
959:2982,5.95,118.25
959:2983,5.95,118.35
959:2984,5.95,118.45
959:2985,5.95,118.55
960:2783,6.05,98.35
960:2784,6.05,98.45
960:2785,6.05,98.55
960:2786,6.05,98.65
960:2787,6.05,98.75
960:2788,6.05,98.85
960:2789,6.05,98.95
960:2790,6.05,99.05
960:2791,6.05,99.15
960:2792,6.05,99.25
960:2793,6.05,99.35
960:2794,6.05,99.45
960:2795,6.05,99.55
960:2796,6.05,99.65
960:2797,6.05,99.75
960:2798,6.05,99.85
960:2799,6.05,99.95
960:2800,6.05,100.05
960:2801,6.05,100.15
960:2802,6.05,100.25
960:2824,6.05,102.45
960:2825,6.05,102.55
960:2826,6.05,102.65
960:2827,6.05,102.75
960:2828,6.05,102.85
960:2829,6.05,102.95
960:2830,6.05,103.05
960:2831,6.05,103.15
960:2832,6.05,103.25
960:2833,6.05,103.35
960:2834,6.05,103.45
960:2835,6.05,103.55
960:2836,6.05,103.65
960:2837,6.05,103.75
960:2838,6.05,103.85
960:2839,6.05,103.95
960:2840,6.05,104.05
960:2841,6.05,104.15
960:2842,6.05,104.25
960:2843,6.05,104.35
960:2844,6.05,104.45
960:2845,6.05,104.55
960:2846,6.05,104.65
960:2847,6.05,104.75
960:2848,6.05,104.85
960:2849,6.05,104.95
960:2850,6.05,105.05
960:2851,6.05,105.15
960:2852,6.05,105.25
960:2853,6.05,105.35
960:2854,6.05,105.45
960:2855,6.05,105.55
960:2856,6.05,105.65
960:2857,6.05,105.75
960:2898,6.05,109.85
960:2899,6.05,109.95
960:2900,6.05,110.05
960:2901,6.05,110.15
960:2902,6.05,110.25
960:2903,6.05,110.35
960:2904,6.05,110.45
960:2905,6.05,110.55
960:2906,6.05,110.65
960:2907,6.05,110.75
960:2908,6.05,110.85
960:2909,6.05,110.95
960:2910,6.05,111.05
960:2911,6.05,111.15
960:2912,6.05,111.25
960:2913,6.05,111.35
960:2914,6.05,111.45
960:2915,6.05,111.55
960:2916,6.05,111.65
960:2917,6.05,111.75
960:2918,6.05,111.85
960:2919,6.05,111.95
960:2920,6.05,112.05
960:2921,6.05,112.15
960:2922,6.05,112.25
960:2923,6.05,112.35
960:2924,6.05,112.45
960:2925,6.05,112.55
960:2926,6.05,112.65
960:2941,6.05,114.15
960:2942,6.05,114.25
960:2943,6.05,114.35
960:2944,6.05,114.45
960:2945,6.05,114.55
960:2946,6.05,114.65
960:2947,6.05,114.75
960:2948,6.05,114.85
960:2949,6.05,114.95
960:2950,6.05,115.05
960:2951,6.05,115.15
960:2952,6.05,115.25
960:2953,6.05,115.35
960:2954,6.05,115.45
960:2955,6.05,115.55
960:2956,6.05,115.65
960:2957,6.05,115.75
960:2958,6.05,115.85
960:2959,6.05,115.95
960:2960,6.05,116.05
960:2976,6.05,117.65
960:2977,6.05,117.75
960:2978,6.05,117.85
960:2979,6.05,117.95
960:2980,6.05,118.05
960:2981,6.05,118.15
960:2982,6.05,118.25
961:2786,6.15,98.65
961:2787,6.15,98.75
961:2788,6.15,98.85
961:2789,6.15,98.95
961:2790,6.15,99.05
961:2791,6.15,99.15
961:2792,6.15,99.25
961:2793,6.15,99.35
961:2794,6.15,99.45
961:2795,6.15,99.55
961:2796,6.15,99.65
961:2797,6.15,99.75
961:2798,6.15,99.85
961:2799,6.15,99.95
961:2800,6.15,100.05
961:2801,6.15,100.15
961:2802,6.15,100.25
961:2824,6.15,102.45
961:2825,6.15,102.55
961:2826,6.15,102.65
961:2827,6.15,102.75
961:2828,6.15,102.85
961:2829,6.15,102.95
961:2830,6.15,103.05
961:2831,6.15,103.15
961:2832,6.15,103.25
961:2833,6.15,103.35
961:2834,6.15,103.45
961:2835,6.15,103.55
961:2836,6.15,103.65
961:2837,6.15,103.75
961:2838,6.15,103.85
961:2839,6.15,103.95
961:2840,6.15,104.05
961:2841,6.15,104.15
961:2842,6.15,104.25
961:2843,6.15,104.35
961:2844,6.15,104.45
961:2845,6.15,104.55
961:2846,6.15,104.65
961:2847,6.15,104.75
961:2848,6.15,104.85
961:2849,6.15,104.95
961:2850,6.15,105.05
961:2851,6.15,105.15
961:2852,6.15,105.25
961:2853,6.15,105.35
961:2854,6.15,105.45
961:2855,6.15,105.55
961:2899,6.15,109.95
961:2900,6.15,110.05
961:2901,6.15,110.15
961:2902,6.15,110.25
961:2903,6.15,110.35
961:2904,6.15,110.45
961:2905,6.15,110.55
961:2906,6.15,110.65
961:2907,6.15,110.75
961:2908,6.15,110.85
961:2909,6.15,110.95
961:2910,6.15,111.05
961:2911,6.15,111.15
961:2912,6.15,111.25
961:2913,6.15,111.35
961:2914,6.15,111.45
961:2915,6.15,111.55
961:2916,6.15,111.65
961:2917,6.15,111.75
961:2918,6.15,111.85
961:2919,6.15,111.95
961:2920,6.15,112.05
961:2921,6.15,112.15
961:2922,6.15,112.25
961:2923,6.15,112.35
961:2924,6.15,112.45
961:2925,6.15,112.55
961:2940,6.15,114.05
961:2941,6.15,114.15
961:2942,6.15,114.25
961:2943,6.15,114.35
961:2944,6.15,114.45
961:2945,6.15,114.55
961:2946,6.15,114.65
961:2947,6.15,114.75
961:2948,6.15,114.85
961:2949,6.15,114.95
961:2950,6.15,115.05
961:2951,6.15,115.15
961:2952,6.15,115.25
961:2953,6.15,115.35
961:2954,6.15,115.45
961:2955,6.15,115.55
961:2956,6.15,115.65
961:2957,6.15,115.75
961:2958,6.15,115.85
961:2959,6.15,115.95
961:2960,6.15,116.05
961:2976,6.15,117.65
961:2977,6.15,117.75
961:2978,6.15,117.85
961:2979,6.15,117.95
961:2980,6.15,118.05
961:2981,6.15,118.15
962:2790,6.25,99.05
962:2791,6.25,99.15
962:2792,6.25,99.25
962:2793,6.25,99.35
962:2794,6.25,99.45
962:2795,6.25,99.55
962:2796,6.25,99.65
962:2797,6.25,99.75
962:2799,6.25,99.95
962:2800,6.25,100.05
962:2801,6.25,100.15
962:2821,6.25,102.15
962:2822,6.25,102.25
962:2823,6.25,102.35
962:2824,6.25,102.45
962:2825,6.25,102.55
962:2826,6.25,102.65
962:2827,6.25,102.75
962:2828,6.25,102.85
962:2829,6.25,102.95
962:2830,6.25,103.05
962:2831,6.25,103.15
962:2832,6.25,103.25
962:2833,6.25,103.35
962:2834,6.25,103.45
962:2835,6.25,103.55
962:2836,6.25,103.65
962:2837,6.25,103.75
962:2838,6.25,103.85
962:2839,6.25,103.95
962:2840,6.25,104.05
962:2841,6.25,104.15
962:2842,6.25,104.25
962:2843,6.25,104.35
962:2844,6.25,104.45
962:2845,6.25,104.55
962:2846,6.25,104.65
962:2847,6.25,104.75
962:2848,6.25,104.85
962:2849,6.25,104.95
962:2850,6.25,105.05
962:2851,6.25,105.15
962:2852,6.25,105.25
962:2853,6.25,105.35
962:2902,6.25,110.25
962:2903,6.25,110.35
962:2904,6.25,110.45
962:2905,6.25,110.55
962:2906,6.25,110.65
962:2907,6.25,110.75
962:2908,6.25,110.85
962:2909,6.25,110.95
962:2910,6.25,111.05
962:2911,6.25,111.15
962:2912,6.25,111.25
962:2913,6.25,111.35
962:2914,6.25,111.45
962:2915,6.25,111.55
962:2916,6.25,111.65
962:2917,6.25,111.75
962:2918,6.25,111.85
962:2919,6.25,111.95
962:2920,6.25,112.05
962:2921,6.25,112.15
962:2922,6.25,112.25
962:2923,6.25,112.35
962:2924,6.25,112.45
962:2939,6.25,113.95
962:2940,6.25,114.05
962:2941,6.25,114.15
962:2942,6.25,114.25
962:2943,6.25,114.35
962:2944,6.25,114.45
962:2945,6.25,114.55
962:2946,6.25,114.65
962:2947,6.25,114.75
962:2948,6.25,114.85
962:2949,6.25,114.95
962:2950,6.25,115.05
962:2951,6.25,115.15
962:2952,6.25,115.25
962:2953,6.25,115.35
962:2954,6.25,115.45
962:2955,6.25,115.55
962:2956,6.25,115.65
962:2957,6.25,115.75
962:2958,6.25,115.85
962:2959,6.25,115.95
962:2960,6.25,116.05
962:2961,6.25,116.15
962:2962,6.25,116.25
962:2977,6.25,117.75
962:2978,6.25,117.85
962:2979,6.25,117.95
963:2795,6.35,99.55
963:2796,6.35,99.65
963:2799,6.35,99.95
963:2800,6.35,100.05
963:2821,6.35,102.15
963:2822,6.35,102.25
963:2823,6.35,102.35
963:2824,6.35,102.45
963:2825,6.35,102.55
963:2826,6.35,102.65
963:2827,6.35,102.75
963:2828,6.35,102.85
963:2829,6.35,102.95
963:2830,6.35,103.05
963:2831,6.35,103.15
963:2832,6.35,103.25
963:2833,6.35,103.35
963:2834,6.35,103.45
963:2835,6.35,103.55
963:2836,6.35,103.65
963:2837,6.35,103.75
963:2838,6.35,103.85
963:2839,6.35,103.95
963:2840,6.35,104.05
963:2841,6.35,104.15
963:2842,6.35,104.25
963:2843,6.35,104.35
963:2844,6.35,104.45
963:2845,6.35,104.55
963:2846,6.35,104.65
963:2847,6.35,104.75
963:2848,6.35,104.85
963:2849,6.35,104.95
963:2850,6.35,105.05
963:2909,6.35,110.95
963:2910,6.35,111.05
963:2911,6.35,111.15
963:2912,6.35,111.25
963:2913,6.35,111.35
963:2914,6.35,111.45
963:2915,6.35,111.55
963:2916,6.35,111.65
963:2917,6.35,111.75
963:2918,6.35,111.85
963:2919,6.35,111.95
963:2920,6.35,112.05
963:2921,6.35,112.15
963:2922,6.35,112.25
963:2923,6.35,112.35
963:2938,6.35,113.85
963:2939,6.35,113.95
963:2940,6.35,114.05
963:2941,6.35,114.15
963:2942,6.35,114.25
963:2943,6.35,114.35
963:2944,6.35,114.45
963:2945,6.35,114.55
963:2946,6.35,114.65
963:2947,6.35,114.75
963:2948,6.35,114.85
963:2949,6.35,114.95
963:2950,6.35,115.05
963:2951,6.35,115.15
963:2952,6.35,115.25
963:2953,6.35,115.35
963:2954,6.35,115.45
963:2955,6.35,115.55
963:2956,6.35,115.65
963:2957,6.35,115.75
963:2958,6.35,115.85
963:2959,6.35,115.95
963:2960,6.35,116.05
963:2961,6.35,116.15
963:2962,6.35,116.25
963:2977,6.35,117.75
963:2978,6.35,117.85
963:2979,6.35,117.95
964:2795,6.45,99.55
964:2796,6.45,99.65
964:2797,6.45,99.75
964:2799,6.45,99.95
964:2822,6.45,102.25
964:2823,6.45,102.35
964:2824,6.45,102.45
964:2825,6.45,102.55
964:2826,6.45,102.65
964:2827,6.45,102.75
964:2828,6.45,102.85
964:2829,6.45,102.95
964:2830,6.45,103.05
964:2831,6.45,103.15
964:2832,6.45,103.25
964:2833,6.45,103.35
964:2834,6.45,103.45
964:2835,6.45,103.55
964:2836,6.45,103.65
964:2837,6.45,103.75
964:2838,6.45,103.85
964:2839,6.45,103.95
964:2840,6.45,104.05
964:2841,6.45,104.15
964:2842,6.45,104.25
964:2843,6.45,104.35
964:2844,6.45,104.45
964:2845,6.45,104.55
964:2846,6.45,104.65
964:2847,6.45,104.75
964:2848,6.45,104.85
964:2912,6.45,111.25
964:2913,6.45,111.35
964:2914,6.45,111.45
964:2915,6.45,111.55
964:2916,6.45,111.65
964:2917,6.45,111.75
964:2918,6.45,111.85
964:2919,6.45,111.95
964:2920,6.45,112.05
964:2921,6.45,112.15
964:2922,6.45,112.25
964:2937,6.45,113.75
964:2938,6.45,113.85
964:2939,6.45,113.95
964:2940,6.45,114.05
964:2941,6.45,114.15
964:2942,6.45,114.25
964:2943,6.45,114.35
964:2944,6.45,114.45
964:2945,6.45,114.55
964:2946,6.45,114.65
964:2947,6.45,114.75
964:2948,6.45,114.85
964:2949,6.45,114.95
964:2950,6.45,115.05
964:2951,6.45,115.15
964:2952,6.45,115.25
964:2953,6.45,115.35
964:2954,6.45,115.45
964:2955,6.45,115.55
964:2956,6.45,115.65
964:2957,6.45,115.75
964:2958,6.45,115.85
964:2959,6.45,115.95
964:2960,6.45,116.05
964:2961,6.45,116.15
964:2962,6.45,116.25
964:2963,6.45,116.35
964:2977,6.45,117.75
964:2978,6.45,117.85
964:2979,6.45,117.95
965:2822,6.55,102.25
965:2823,6.55,102.35
965:2824,6.55,102.45
965:2825,6.55,102.55
965:2826,6.55,102.65
965:2827,6.55,102.75
965:2828,6.55,102.85
965:2829,6.55,102.95
965:2830,6.55,103.05
965:2831,6.55,103.15
965:2832,6.55,103.25
965:2833,6.55,103.35
965:2834,6.55,103.45
965:2835,6.55,103.55
965:2836,6.55,103.65
965:2837,6.55,103.75
965:2838,6.55,103.85
965:2839,6.55,103.95
965:2840,6.55,104.05
965:2841,6.55,104.15
965:2842,6.55,104.25
965:2843,6.55,104.35
965:2844,6.55,104.45
965:2845,6.55,104.55
965:2846,6.55,104.65
965:2847,6.55,104.75
965:2912,6.55,111.25
965:2913,6.55,111.35
965:2914,6.55,111.45
965:2915,6.55,111.55
965:2916,6.55,111.65
965:2917,6.55,111.75
965:2918,6.55,111.85
965:2919,6.55,111.95
965:2920,6.55,112.05
965:2921,6.55,112.15
965:2936,6.55,113.65
965:2937,6.55,113.75
965:2938,6.55,113.85
965:2939,6.55,113.95
965:2940,6.55,114.05
965:2941,6.55,114.15
965:2942,6.55,114.25
965:2943,6.55,114.35
965:2944,6.55,114.45
965:2945,6.55,114.55
965:2946,6.55,114.65
965:2947,6.55,114.75
965:2948,6.55,114.85
965:2949,6.55,114.95
965:2950,6.55,115.05
965:2951,6.55,115.15
965:2952,6.55,115.25
965:2953,6.55,115.35
965:2954,6.55,115.45
965:2955,6.55,115.55
965:2956,6.55,115.65
965:2957,6.55,115.75
965:2958,6.55,115.85
965:2959,6.55,115.95
965:2960,6.55,116.05
965:2961,6.55,116.15
965:2962,6.55,116.25
965:2963,6.55,116.35
965:2964,6.55,116.45
965:2976,6.55,117.65
965:2977,6.55,117.75
965:2978,6.55,117.85
965:2979,6.55,117.95
966:2823,6.65,102.35
966:2824,6.65,102.45
966:2825,6.65,102.55
966:2826,6.65,102.65
966:2827,6.65,102.75
966:2828,6.65,102.85
966:2829,6.65,102.95
966:2830,6.65,103.05
966:2831,6.65,103.15
966:2832,6.65,103.25
966:2833,6.65,103.35
966:2834,6.65,103.45
966:2835,6.65,103.55
966:2836,6.65,103.65
966:2837,6.65,103.75
966:2838,6.65,103.85
966:2839,6.65,103.95
966:2840,6.65,104.05
966:2841,6.65,104.15
966:2842,6.65,104.25
966:2843,6.65,104.35
966:2844,6.65,104.45
966:2845,6.65,104.55
966:2913,6.65,111.35
966:2914,6.65,111.45
966:2915,6.65,111.55
966:2916,6.65,111.65
966:2917,6.65,111.75
966:2918,6.65,111.85
966:2919,6.65,111.95
966:2920,6.65,112.05
966:2935,6.65,113.55
966:2936,6.65,113.65
966:2937,6.65,113.75
966:2938,6.65,113.85
966:2939,6.65,113.95
966:2940,6.65,114.05
966:2941,6.65,114.15
966:2942,6.65,114.25
966:2943,6.65,114.35
966:2944,6.65,114.45
966:2945,6.65,114.55
966:2946,6.65,114.65
966:2947,6.65,114.75
966:2948,6.65,114.85
966:2949,6.65,114.95
966:2950,6.65,115.05
966:2951,6.65,115.15
966:2952,6.65,115.25
966:2953,6.65,115.35
966:2954,6.65,115.45
966:2955,6.65,115.55
966:2956,6.65,115.65
966:2957,6.65,115.75
966:2958,6.65,115.85
966:2959,6.65,115.95
966:2960,6.65,116.05
966:2961,6.65,116.15
966:2962,6.65,116.25
966:2963,6.65,116.35
966:2964,6.65,116.45
966:2965,6.65,116.55
966:2968,6.65,116.85
966:2975,6.65,117.55
966:2976,6.65,117.65
966:2977,6.65,117.75
966:2978,6.65,117.85
966:2979,6.65,117.95
967:2823,6.75,102.35
967:2824,6.75,102.45
967:2825,6.75,102.55
967:2826,6.75,102.65
967:2827,6.75,102.75
967:2828,6.75,102.85
967:2829,6.75,102.95
967:2830,6.75,103.05
967:2831,6.75,103.15
967:2832,6.75,103.25
967:2833,6.75,103.35
967:2834,6.75,103.45
967:2835,6.75,103.55
967:2836,6.75,103.65
967:2837,6.75,103.75
967:2838,6.75,103.85
967:2839,6.75,103.95
967:2840,6.75,104.05
967:2841,6.75,104.15
967:2842,6.75,104.25
967:2843,6.75,104.35
967:2914,6.75,111.45
967:2915,6.75,111.55
967:2916,6.75,111.65
967:2917,6.75,111.75
967:2918,6.75,111.85
967:2919,6.75,111.95
967:2934,6.75,113.45
967:2935,6.75,113.55
967:2936,6.75,113.65
967:2937,6.75,113.75
967:2938,6.75,113.85
967:2939,6.75,113.95
967:2940,6.75,114.05
967:2941,6.75,114.15
967:2942,6.75,114.25
967:2943,6.75,114.35
967:2944,6.75,114.45
967:2945,6.75,114.55
967:2946,6.75,114.65
967:2947,6.75,114.75
967:2948,6.75,114.85
967:2949,6.75,114.95
967:2950,6.75,115.05
967:2951,6.75,115.15
967:2952,6.75,115.25
967:2953,6.75,115.35
967:2954,6.75,115.45
967:2955,6.75,115.55
967:2956,6.75,115.65
967:2957,6.75,115.75
967:2958,6.75,115.85
967:2959,6.75,115.95
967:2960,6.75,116.05
967:2961,6.75,116.15
967:2962,6.75,116.25
967:2963,6.75,116.35
967:2964,6.75,116.45
967:2965,6.75,116.55
967:2968,6.75,116.85
967:2969,6.75,116.95
967:2973,6.75,117.35
967:2974,6.75,117.45
967:2975,6.75,117.55
967:2976,6.75,117.65
967:2977,6.75,117.75
967:2978,6.75,117.85
967:2979,6.75,117.95
968:2824,6.85,102.45
968:2825,6.85,102.55
968:2826,6.85,102.65
968:2827,6.85,102.75
968:2828,6.85,102.85
968:2829,6.85,102.95
968:2830,6.85,103.05
968:2831,6.85,103.15
968:2832,6.85,103.25
968:2833,6.85,103.35
968:2834,6.85,103.45
968:2835,6.85,103.55
968:2836,6.85,103.65
968:2837,6.85,103.75
968:2838,6.85,103.85
968:2839,6.85,103.95
968:2840,6.85,104.05
968:2841,6.85,104.15
968:2842,6.85,104.25
968:2915,6.85,111.55
968:2916,6.85,111.65
968:2917,6.85,111.75
968:2918,6.85,111.85
968:2933,6.85,113.35
968:2934,6.85,113.45
968:2935,6.85,113.55
968:2936,6.85,113.65
968:2937,6.85,113.75
968:2938,6.85,113.85
968:2939,6.85,113.95
968:2940,6.85,114.05
968:2941,6.85,114.15
968:2942,6.85,114.25
968:2943,6.85,114.35
968:2944,6.85,114.45
968:2945,6.85,114.55
968:2946,6.85,114.65
968:2947,6.85,114.75
968:2948,6.85,114.85
968:2949,6.85,114.95
968:2950,6.85,115.05
968:2951,6.85,115.15
968:2952,6.85,115.25
968:2953,6.85,115.35
968:2954,6.85,115.45
968:2955,6.85,115.55
968:2956,6.85,115.65
968:2957,6.85,115.75
968:2958,6.85,115.85
968:2959,6.85,115.95
968:2960,6.85,116.05
968:2961,6.85,116.15
968:2962,6.85,116.25
968:2963,6.85,116.35
968:2964,6.85,116.45
968:2965,6.85,116.55
968:2969,6.85,116.95
968:2970,6.85,117.05
968:2972,6.85,117.25
968:2973,6.85,117.35
968:2974,6.85,117.45
968:2975,6.85,117.55
968:2976,6.85,117.65
968:2977,6.85,117.75
968:2978,6.85,117.85
968:2979,6.85,117.95
969:2824,6.95,102.45
969:2825,6.95,102.55
969:2826,6.95,102.65
969:2827,6.95,102.75
969:2828,6.95,102.85
969:2829,6.95,102.95
969:2830,6.95,103.05
969:2831,6.95,103.15
969:2832,6.95,103.25
969:2833,6.95,103.35
969:2834,6.95,103.45
969:2835,6.95,103.55
969:2836,6.95,103.65
969:2837,6.95,103.75
969:2838,6.95,103.85
969:2839,6.95,103.95
969:2840,6.95,104.05
969:2841,6.95,104.15
969:2916,6.95,111.65
969:2917,6.95,111.75
969:2932,6.95,113.25
969:2933,6.95,113.35
969:2934,6.95,113.45
969:2935,6.95,113.55
969:2936,6.95,113.65
969:2937,6.95,113.75
969:2938,6.95,113.85
969:2939,6.95,113.95
969:2940,6.95,114.05
969:2941,6.95,114.15
969:2942,6.95,114.25
969:2943,6.95,114.35
969:2944,6.95,114.45
969:2945,6.95,114.55
969:2946,6.95,114.65
969:2947,6.95,114.75
969:2948,6.95,114.85
969:2949,6.95,114.95
969:2950,6.95,115.05
969:2951,6.95,115.15
969:2952,6.95,115.25
969:2953,6.95,115.35
969:2954,6.95,115.45
969:2955,6.95,115.55
969:2956,6.95,115.65
969:2957,6.95,115.75
969:2958,6.95,115.85
969:2959,6.95,115.95
969:2960,6.95,116.05
969:2961,6.95,116.15
969:2962,6.95,116.25
969:2963,6.95,116.35
969:2964,6.95,116.45
969:2965,6.95,116.55
969:2966,6.95,116.65
969:2968,6.95,116.85
969:2969,6.95,116.95
969:2970,6.95,117.05
969:2972,6.95,117.25
969:2973,6.95,117.35
969:2974,6.95,117.45
969:2975,6.95,117.55
969:2976,6.95,117.65
969:2977,6.95,117.75
969:2978,6.95,117.85
970:2825,7.05,102.55
970:2826,7.05,102.65
970:2827,7.05,102.75
970:2828,7.05,102.85
970:2829,7.05,102.95
970:2830,7.05,103.05
970:2831,7.05,103.15
970:2832,7.05,103.25
970:2833,7.05,103.35
970:2834,7.05,103.45
970:2835,7.05,103.55
970:2836,7.05,103.65
970:2837,7.05,103.75
970:2838,7.05,103.85
970:2839,7.05,103.95
970:2931,7.05,113.15
970:2932,7.05,113.25
970:2933,7.05,113.35
970:2934,7.05,113.45
970:2935,7.05,113.55
970:2936,7.05,113.65
970:2937,7.05,113.75
970:2938,7.05,113.85
970:2939,7.05,113.95
970:2940,7.05,114.05
970:2941,7.05,114.15
970:2942,7.05,114.25
970:2943,7.05,114.35
970:2944,7.05,114.45
970:2945,7.05,114.55
970:2946,7.05,114.65
970:2947,7.05,114.75
970:2948,7.05,114.85
970:2949,7.05,114.95
970:2950,7.05,115.05
970:2951,7.05,115.15
970:2952,7.05,115.25
970:2953,7.05,115.35
970:2954,7.05,115.45
970:2955,7.05,115.55
970:2956,7.05,115.65
970:2957,7.05,115.75
970:2958,7.05,115.85
970:2959,7.05,115.95
970:2960,7.05,116.05
970:2961,7.05,116.15
970:2962,7.05,116.25
970:2963,7.05,116.35
970:2964,7.05,116.45
970:2965,7.05,116.55
970:2966,7.05,116.65
970:2967,7.05,116.75
970:2968,7.05,116.85
970:2969,7.05,116.95
970:2970,7.05,117.05
970:2971,7.05,117.15
970:2972,7.05,117.25
970:2973,7.05,117.35
970:2974,7.05,117.45
970:2975,7.05,117.55
970:2976,7.05,117.65
970:2977,7.05,117.75
971:2825,7.15,102.55
971:2826,7.15,102.65
971:2827,7.15,102.75
971:2828,7.15,102.85
971:2829,7.15,102.95
971:2830,7.15,103.05
971:2831,7.15,103.15
971:2832,7.15,103.25
971:2833,7.15,103.35
971:2834,7.15,103.45
971:2835,7.15,103.55
971:2836,7.15,103.65
971:2837,7.15,103.75
971:2838,7.15,103.85
971:2930,7.15,113.05
971:2931,7.15,113.15
971:2932,7.15,113.25
971:2933,7.15,113.35
971:2934,7.15,113.45
971:2935,7.15,113.55
971:2936,7.15,113.65
971:2937,7.15,113.75
971:2938,7.15,113.85
971:2939,7.15,113.95
971:2940,7.15,114.05
971:2941,7.15,114.15
971:2942,7.15,114.25
971:2943,7.15,114.35
971:2944,7.15,114.45
971:2945,7.15,114.55
971:2946,7.15,114.65
971:2947,7.15,114.75
971:2948,7.15,114.85
971:2949,7.15,114.95
971:2950,7.15,115.05
971:2951,7.15,115.15
971:2952,7.15,115.25
971:2953,7.15,115.35
971:2954,7.15,115.45
971:2955,7.15,115.55
971:2956,7.15,115.65
971:2957,7.15,115.75
971:2958,7.15,115.85
971:2959,7.15,115.95
971:2960,7.15,116.05
971:2961,7.15,116.15
971:2962,7.15,116.25
971:2963,7.15,116.35
971:2964,7.15,116.45
971:2965,7.15,116.55
971:2966,7.15,116.65
971:2967,7.15,116.75
971:2968,7.15,116.85
971:2969,7.15,116.95
971:2970,7.15,117.05
971:2971,7.15,117.15
971:2972,7.15,117.25
971:2973,7.15,117.35
971:2974,7.15,117.45
971:2975,7.15,117.55
971:2976,7.15,117.65
972:2826,7.25,102.65
972:2827,7.25,102.75
972:2828,7.25,102.85
972:2829,7.25,102.95
972:2830,7.25,103.05
972:2831,7.25,103.15
972:2832,7.25,103.25
972:2833,7.25,103.35
972:2834,7.25,103.45
972:2835,7.25,103.55
972:2836,7.25,103.65
972:2929,7.25,112.95
972:2930,7.25,113.05
972:2931,7.25,113.15
972:2932,7.25,113.25
972:2933,7.25,113.35
972:2934,7.25,113.45
972:2935,7.25,113.55
972:2936,7.25,113.65
972:2937,7.25,113.75
972:2938,7.25,113.85
972:2939,7.25,113.95
972:2940,7.25,114.05
972:2941,7.25,114.15
972:2942,7.25,114.25
972:2943,7.25,114.35
972:2944,7.25,114.45
972:2945,7.25,114.55
972:2946,7.25,114.65
972:2947,7.25,114.75
972:2948,7.25,114.85
972:2949,7.25,114.95
972:2950,7.25,115.05
972:2951,7.25,115.15
972:2952,7.25,115.25
972:2953,7.25,115.35
972:2954,7.25,115.45
972:2955,7.25,115.55
972:2956,7.25,115.65
972:2957,7.25,115.75
972:2958,7.25,115.85
972:2959,7.25,115.95
972:2960,7.25,116.05
972:2961,7.25,116.15
972:2962,7.25,116.25
972:2963,7.25,116.35
972:2964,7.25,116.45
972:2965,7.25,116.55
972:2966,7.25,116.65
972:2967,7.25,116.75
972:2968,7.25,116.85
972:2970,7.25,117.05
972:2973,7.25,117.35
972:2974,7.25,117.45
972:2975,7.25,117.55
973:2827,7.35,102.75
973:2828,7.35,102.85
973:2829,7.35,102.95
973:2830,7.35,103.05
973:2831,7.35,103.15
973:2832,7.35,103.25
973:2833,7.35,103.35
973:2834,7.35,103.45
973:2928,7.35,112.85
973:2929,7.35,112.95
973:2930,7.35,113.05
973:2931,7.35,113.15
973:2932,7.35,113.25
973:2933,7.35,113.35
973:2934,7.35,113.45
973:2935,7.35,113.55
973:2936,7.35,113.65
973:2937,7.35,113.75
973:2938,7.35,113.85
973:2939,7.35,113.95
973:2940,7.35,114.05
973:2941,7.35,114.15
973:2942,7.35,114.25
973:2943,7.35,114.35
973:2944,7.35,114.45
973:2945,7.35,114.55
973:2946,7.35,114.65
973:2947,7.35,114.75
973:2948,7.35,114.85
973:2949,7.35,114.95
973:2950,7.35,115.05
973:2951,7.35,115.15
973:2952,7.35,115.25
973:2953,7.35,115.35
973:2954,7.35,115.45
973:2955,7.35,115.55
973:2956,7.35,115.65
973:2957,7.35,115.75
973:2958,7.35,115.85
973:2959,7.35,115.95
973:2960,7.35,116.05
973:2961,7.35,116.15
973:2962,7.35,116.25
973:2963,7.35,116.35
973:2964,7.35,116.45
973:2965,7.35,116.55
973:2966,7.35,116.65
973:2967,7.35,116.75
973:2968,7.35,116.85
973:2969,7.35,116.95
973:2970,7.35,117.05
973:2973,7.35,117.35
973:2974,7.35,117.45
974:2828,7.45,102.85
974:2829,7.45,102.95
974:2830,7.45,103.05
974:2831,7.45,103.15
974:2832,7.45,103.25
974:2927,7.45,112.75
974:2928,7.45,112.85
974:2929,7.45,112.95
974:2930,7.45,113.05
974:2931,7.45,113.15
974:2932,7.45,113.25
974:2933,7.45,113.35
974:2934,7.45,113.45
974:2935,7.45,113.55
974:2936,7.45,113.65
974:2937,7.45,113.75
974:2938,7.45,113.85
974:2939,7.45,113.95
974:2940,7.45,114.05
974:2941,7.45,114.15
974:2942,7.45,114.25
974:2943,7.45,114.35
974:2944,7.45,114.45
974:2945,7.45,114.55
974:2946,7.45,114.65
974:2947,7.45,114.75
974:2948,7.45,114.85
974:2949,7.45,114.95
974:2950,7.45,115.05
974:2951,7.45,115.15
974:2952,7.45,115.25
974:2953,7.45,115.35
974:2954,7.45,115.45
974:2955,7.45,115.55
974:2956,7.45,115.65
974:2957,7.45,115.75
974:2958,7.45,115.85
974:2959,7.45,115.95
974:2960,7.45,116.05
974:2961,7.45,116.15
974:2962,7.45,116.25
974:2963,7.45,116.35
974:2964,7.45,116.45
974:2965,7.45,116.55
974:2966,7.45,116.65
974:2967,7.45,116.75
974:2968,7.45,116.85
974:2969,7.45,116.95
974:2970,7.45,117.05
974:2971,7.45,117.15
974:2972,7.45,117.25
974:2973,7.45,117.35
975:2828,7.55,102.85
975:2829,7.55,102.95
975:2830,7.55,103.05
975:2831,7.55,103.15
975:2926,7.55,112.65
975:2927,7.55,112.75
975:2928,7.55,112.85
975:2929,7.55,112.95
975:2930,7.55,113.05
975:2931,7.55,113.15
975:2932,7.55,113.25
975:2933,7.55,113.35
975:2934,7.55,113.45
975:2935,7.55,113.55
975:2936,7.55,113.65
975:2937,7.55,113.75
975:2938,7.55,113.85
975:2939,7.55,113.95
975:2940,7.55,114.05
975:2941,7.55,114.15
975:2942,7.55,114.25
975:2943,7.55,114.35
975:2944,7.55,114.45
975:2945,7.55,114.55
975:2946,7.55,114.65
975:2947,7.55,114.75
975:2948,7.55,114.85
975:2949,7.55,114.95
975:2950,7.55,115.05
975:2951,7.55,115.15
975:2952,7.55,115.25
975:2953,7.55,115.35
975:2954,7.55,115.45
975:2955,7.55,115.55
975:2956,7.55,115.65
975:2957,7.55,115.75
975:2958,7.55,115.85
975:2959,7.55,115.95
975:2960,7.55,116.05
975:2961,7.55,116.15
975:2962,7.55,116.25
975:2963,7.55,116.35
975:2964,7.55,116.45
975:2965,7.55,116.55
975:2966,7.55,116.65
975:2967,7.55,116.75
975:2968,7.55,116.85
975:2969,7.55,116.95
975:2970,7.55,117.05
976:2829,7.65,102.95
976:2925,7.65,112.55
976:2926,7.65,112.65
976:2927,7.65,112.75
976:2928,7.65,112.85
976:2929,7.65,112.95
976:2930,7.65,113.05
976:2931,7.65,113.15
976:2932,7.65,113.25
976:2933,7.65,113.35
976:2934,7.65,113.45
976:2935,7.65,113.55
976:2936,7.65,113.65
976:2937,7.65,113.75
976:2938,7.65,113.85
976:2939,7.65,113.95
976:2940,7.65,114.05
976:2941,7.65,114.15
976:2942,7.65,114.25
976:2943,7.65,114.35
976:2944,7.65,114.45
976:2945,7.65,114.55
976:2946,7.65,114.65
976:2947,7.65,114.75
976:2948,7.65,114.85
976:2949,7.65,114.95
976:2950,7.65,115.05
976:2951,7.65,115.15
976:2952,7.65,115.25
976:2953,7.65,115.35
976:2954,7.65,115.45
976:2955,7.65,115.55
976:2956,7.65,115.65
976:2957,7.65,115.75
976:2958,7.65,115.85
976:2959,7.65,115.95
976:2960,7.65,116.05
976:2961,7.65,116.15
977:2926,7.75,112.65
977:2927,7.75,112.75
977:2928,7.75,112.85
977:2929,7.75,112.95
977:2930,7.75,113.05
977:2931,7.75,113.15
977:2932,7.75,113.25
977:2933,7.75,113.35
977:2934,7.75,113.45
977:2935,7.75,113.55
977:2936,7.75,113.65
977:2937,7.75,113.75
977:2938,7.75,113.85
977:2939,7.75,113.95
977:2940,7.75,114.05
977:2941,7.75,114.15
977:2942,7.75,114.25
977:2943,7.75,114.35
977:2944,7.75,114.45
977:2945,7.75,114.55
977:2946,7.75,114.65
977:2947,7.75,114.75
977:2948,7.75,114.85
977:2949,7.75,114.95
977:2950,7.75,115.05
977:2951,7.75,115.15
977:2952,7.75,115.25
977:2953,7.75,115.35
977:2954,7.75,115.45
977:2955,7.75,115.55
977:2956,7.75,115.65
977:2957,7.75,115.75
977:2958,7.75,115.85
978:2927,7.85,112.75
978:2928,7.85,112.85
978:2929,7.85,112.95
978:2930,7.85,113.05
978:2931,7.85,113.15
978:2932,7.85,113.25
978:2933,7.85,113.35
978:2934,7.85,113.45
978:2935,7.85,113.55
978:2936,7.85,113.65
978:2937,7.85,113.75
978:2938,7.85,113.85
978:2939,7.85,113.95
978:2940,7.85,114.05
978:2941,7.85,114.15
978:2942,7.85,114.25
978:2943,7.85,114.35
978:2944,7.85,114.45
978:2945,7.85,114.55
978:2946,7.85,114.65
978:2947,7.85,114.75
978:2948,7.85,114.85
978:2949,7.85,114.95
978:2950,7.85,115.05
978:2951,7.85,115.15
978:2952,7.85,115.25
978:2953,7.85,115.35
978:2954,7.85,115.45
978:2955,7.85,115.55
978:2956,7.85,115.65
979:2927,7.95,112.75
979:2928,7.95,112.85
979:2929,7.95,112.95
979:2930,7.95,113.05
979:2931,7.95,113.15
979:2932,7.95,113.25
979:2933,7.95,113.35
979:2934,7.95,113.45
979:2935,7.95,113.55
979:2936,7.95,113.65
979:2937,7.95,113.75
979:2938,7.95,113.85
979:2939,7.95,113.95
979:2940,7.95,114.05
979:2941,7.95,114.15
979:2942,7.95,114.25
979:2943,7.95,114.35
979:2944,7.95,114.45
979:2945,7.95,114.55
979:2946,7.95,114.65
979:2947,7.95,114.75
979:2948,7.95,114.85
979:2949,7.95,114.95
979:2950,7.95,115.05
979:2951,7.95,115.15
979:2952,7.95,115.25
979:2953,7.95,115.35
979:2954,7.95,115.45
980:2928,8.05,112.85
980:2929,8.05,112.95
980:2930,8.05,113.05
980:2931,8.05,113.15
980:2932,8.05,113.25
980:2933,8.05,113.35
980:2934,8.05,113.45
980:2935,8.05,113.55
980:2936,8.05,113.65
980:2937,8.05,113.75
980:2938,8.05,113.85
980:2939,8.05,113.95
980:2940,8.05,114.05
980:2941,8.05,114.15
980:2942,8.05,114.25
980:2943,8.05,114.35
980:2944,8.05,114.45
980:2945,8.05,114.55
980:2946,8.05,114.65
980:2947,8.05,114.75
980:2948,8.05,114.85
980:2949,8.05,114.95
980:2950,8.05,115.05
980:2951,8.05,115.15
980:2952,8.05,115.25
981:2928,8.15,112.85
981:2929,8.15,112.95
981:2930,8.15,113.05
981:2931,8.15,113.15
981:2932,8.15,113.25
981:2933,8.15,113.35
981:2934,8.15,113.45
981:2935,8.15,113.55
981:2936,8.15,113.65
981:2937,8.15,113.75
981:2938,8.15,113.85
981:2939,8.15,113.95
981:2940,8.15,114.05
981:2941,8.15,114.15
981:2942,8.15,114.25
981:2943,8.15,114.35
981:2944,8.15,114.45
981:2945,8.15,114.55
981:2946,8.15,114.65
981:2947,8.15,114.75
981:2948,8.15,114.85
981:2949,8.15,114.95
981:2950,8.15,115.05
982:2929,8.25,112.95
982:2930,8.25,113.05
982:2931,8.25,113.15
982:2932,8.25,113.25
982:2933,8.25,113.35
982:2934,8.25,113.45
982:2935,8.25,113.55
982:2936,8.25,113.65
982:2937,8.25,113.75
982:2938,8.25,113.85
982:2939,8.25,113.95
982:2940,8.25,114.05
982:2941,8.25,114.15
982:2942,8.25,114.25
982:2943,8.25,114.35
982:2944,8.25,114.45
982:2945,8.25,114.55
982:2946,8.25,114.65
982:2947,8.25,114.75
982:2948,8.25,114.85
983:2930,8.35,113.05
983:2931,8.35,113.15
983:2932,8.35,113.25
983:2933,8.35,113.35
983:2934,8.35,113.45
983:2935,8.35,113.55
983:2936,8.35,113.65
983:2937,8.35,113.75
983:2938,8.35,113.85
983:2939,8.35,113.95
983:2940,8.35,114.05
983:2941,8.35,114.15
983:2942,8.35,114.25
983:2943,8.35,114.35
983:2944,8.35,114.45
983:2945,8.35,114.55
983:2946,8.35,114.65
984:2931,8.45,113.15
984:2932,8.45,113.25
984:2933,8.45,113.35
984:2934,8.45,113.45
984:2935,8.45,113.55
984:2936,8.45,113.65
984:2937,8.45,113.75
984:2938,8.45,113.85
984:2939,8.45,113.95
984:2940,8.45,114.05
984:2941,8.45,114.15
984:2942,8.45,114.25
984:2943,8.45,114.35
984:2944,8.45,114.45
984:2945,8.45,114.55
985:2932,8.55,113.25
985:2933,8.55,113.35
985:2934,8.55,113.45
985:2935,8.55,113.55
985:2936,8.55,113.65
985:2937,8.55,113.75
985:2938,8.55,113.85
985:2939,8.55,113.95
985:2940,8.55,114.05
985:2941,8.55,114.15
985:2942,8.55,114.25
985:2943,8.55,114.35
986:2933,8.65,113.35
986:2934,8.65,113.45
986:2935,8.65,113.55
986:2936,8.65,113.65
986:2937,8.65,113.75
986:2938,8.65,113.85
986:2939,8.65,113.95
986:2940,8.65,114.05
986:2941,8.65,114.15
987:2934,8.75,113.45
987:2935,8.75,113.55
987:2936,8.75,113.65
987:2937,8.75,113.75
987:2938,8.75,113.85
987:2939,8.75,113.95
987:2940,8.75,114.05
988:2935,8.85,113.55
988:2936,8.85,113.65
988:2937,8.85,113.75
988:2938,8.85,113.85
989:2936,8.95,113.65
989:2937,8.95,113.75
